Filename:,ammo_pickup,,Events:,"['basecombatcharacter.ammopickup', 'player.pickupweapon']"
Full Path:,items/ammo_pickup.wav,,Scenes:,[]
Transcription:,,,Responses:,[]
Your Line:,,,Rules:,[]
,,,Criteria:,[]

Filename:,bomb_warning,,Events:,[]
Full Path:,items/bomb_warning.wav,,Scenes:,[]
Transcription:,,,Responses:,[]
Your Line:,,,Rules:,[]
Unused?,,,Criteria:,[]

Filename:,cart_explode,,Events:,['cart.explode']
Full Path:,items/cart_explode.wav,,Scenes:,[]
Transcription:,,,Responses:,[]
Your Line:,,,Rules:,[]
,,,Criteria:,[]

Filename:,cart_explode_falling,,Events:,['cart.falling']
Full Path:,items/cart_explode_falling.wav,,Scenes:,[]
Transcription:,,,Responses:,[]
Your Line:,,,Rules:,[]
,,,Criteria:,[]

Filename:,cart_explode_trigger,,Events:,['cart.trigger']
Full Path:,items/cart_explode_trigger.wav,,Scenes:,[]
Transcription:,,,Responses:,[]
Your Line:,,,Rules:,[]
,,,Criteria:,[]

Filename:,cart_rolling,,Events:,['cart.roll']
Full Path:,items/cart_rolling.wav,,Scenes:,[]
Transcription:,,,Responses:,[]
Your Line:,,,Rules:,[]
,,,Criteria:,[]

Filename:,cart_rolling_back_grind1,,Events:,['cart.grind']
Full Path:,items/cart_rolling_back_grind1.wav,,Scenes:,[]
Transcription:,,,Responses:,[]
Your Line:,,,Rules:,[]
,,,Criteria:,[]

Filename:,cart_rolling_back_grind2,,Events:,['cart.grind']
Full Path:,items/cart_rolling_back_grind2.wav,,Scenes:,[]
Transcription:,,,Responses:,[]
Your Line:,,,Rules:,[]
,,,Criteria:,[]

Filename:,cart_rolling_back_grind3,,Events:,['cart.grind']
Full Path:,items/cart_rolling_back_grind3.wav,,Scenes:,[]
Transcription:,,,Responses:,[]
Your Line:,,,Rules:,[]
,,,Criteria:,[]

Filename:,cart_rolling_back_grind4,,Events:,['cart.grind']
Full Path:,items/cart_rolling_back_grind4.wav,,Scenes:,[]
Transcription:,,,Responses:,[]
Your Line:,,,Rules:,[]
,,,Criteria:,[]

Filename:,cart_rolling_start,,Events:,['cart.rollstart']
Full Path:,items/cart_rolling_start.wav,,Scenes:,[]
Transcription:,,,Responses:,[]
Your Line:,,,Rules:,[]
,,,Criteria:,[]

Filename:,cart_rolling_stop,,Events:,['cart.rollstop']
Full Path:,items/cart_rolling_stop.wav,,Scenes:,[]
Transcription:,,,Responses:,[]
Your Line:,,,Rules:,[]
,,,Criteria:,[]

Filename:,cart_warning,,Events:,['cart.warning']
Full Path:,items/cart_warning.wav,,Scenes:,[]
Transcription:,,,Responses:,[]
Your Line:,,,Rules:,[]
,,,Criteria:,[]

Filename:,cart_warning_single,,Events:,['cart.warningsingle']
Full Path:,items/cart_warning_single.wav,,Scenes:,[]
Transcription:,,,Responses:,[]
Your Line:,,,Rules:,[]
,,,Criteria:,[]

Filename:,vuvezela_01,,Events:,['soccer.vuvezela']
Full Path:,items/football_manager/vuvezela_01.wav,,Scenes:,[]
Transcription:,,,Responses:,[]
Your Line:,,,Rules:,[]
,,,Criteria:,[]

Filename:,vuvezela_02,,Events:,['soccer.vuvezela']
Full Path:,items/football_manager/vuvezela_02.wav,,Scenes:,[]
Transcription:,,,Responses:,[]
Your Line:,,,Rules:,[]
,,,Criteria:,[]

Filename:,vuvezela_03,,Events:,['soccer.vuvezela']
Full Path:,items/football_manager/vuvezela_03.wav,,Scenes:,[]
Transcription:,,,Responses:,[]
Your Line:,,,Rules:,[]
,,,Criteria:,[]

Filename:,vuvezela_04,,Events:,['soccer.vuvezela']
Full Path:,items/football_manager/vuvezela_04.wav,,Scenes:,[]
Transcription:,,,Responses:,[]
Your Line:,,,Rules:,[]
,,,Criteria:,[]

Filename:,vuvezela_05,,Events:,['soccer.vuvezela']
Full Path:,items/football_manager/vuvezela_05.wav,,Scenes:,[]
Transcription:,,,Responses:,[]
Your Line:,,,Rules:,[]
,,,Criteria:,[]

Filename:,vuvezela_06,,Events:,['soccer.vuvezela']
Full Path:,items/football_manager/vuvezela_06.wav,,Scenes:,[]
Transcription:,,,Responses:,[]
Your Line:,,,Rules:,[]
,,,Criteria:,[]

Filename:,vuvezela_07,,Events:,['soccer.vuvezela']
Full Path:,items/football_manager/vuvezela_07.wav,,Scenes:,[]
Transcription:,,,Responses:,[]
Your Line:,,,Rules:,[]
,,,Criteria:,[]

Filename:,vuvezela_08,,Events:,['soccer.vuvezela']
Full Path:,items/football_manager/vuvezela_08.wav,,Scenes:,[]
Transcription:,,,Responses:,[]
Your Line:,,,Rules:,[]
,,,Criteria:,[]

Filename:,vuvezela_09,,Events:,['soccer.vuvezela']
Full Path:,items/football_manager/vuvezela_09.wav,,Scenes:,[]
Transcription:,,,Responses:,[]
Your Line:,,,Rules:,[]
,,,Criteria:,[]

Filename:,vuvezela_10,,Events:,['soccer.vuvezela']
Full Path:,items/football_manager/vuvezela_10.wav,,Scenes:,[]
Transcription:,,,Responses:,[]
Your Line:,,,Rules:,[]
,,,Criteria:,[]

Filename:,vuvezela_11,,Events:,['soccer.vuvezela']
Full Path:,items/football_manager/vuvezela_11.wav,,Scenes:,[]
Transcription:,,,Responses:,[]
Your Line:,,,Rules:,[]
,,,Criteria:,[]

Filename:,vuvezela_12,,Events:,['soccer.vuvezela']
Full Path:,items/football_manager/vuvezela_12.wav,,Scenes:,[]
Transcription:,,,Responses:,[]
Your Line:,,,Rules:,[]
,,,Criteria:,[]

Filename:,vuvezela_13,,Events:,['soccer.vuvezela']
Full Path:,items/football_manager/vuvezela_13.wav,,Scenes:,[]
Transcription:,,,Responses:,[]
Your Line:,,,Rules:,[]
,,,Criteria:,[]

Filename:,vuvezela_14,,Events:,['soccer.vuvezela']
Full Path:,items/football_manager/vuvezela_14.wav,,Scenes:,[]
Transcription:,,,Responses:,[]
Your Line:,,,Rules:,[]
,,,Criteria:,[]

Filename:,vuvezela_15,,Events:,['soccer.vuvezela']
Full Path:,items/football_manager/vuvezela_15.wav,,Scenes:,[]
Transcription:,,,Responses:,[]
Your Line:,,,Rules:,[]
,,,Criteria:,[]

Filename:,vuvezela_16,,Events:,['soccer.vuvezela']
Full Path:,items/football_manager/vuvezela_16.wav,,Scenes:,[]
Transcription:,,,Responses:,[]
Your Line:,,,Rules:,[]
,,,Criteria:,[]

Filename:,vuvezela_17,,Events:,['soccer.vuvezela']
Full Path:,items/football_manager/vuvezela_17.wav,,Scenes:,[]
Transcription:,,,Responses:,[]
Your Line:,,,Rules:,[]
,,,Criteria:,[]

Filename:,gift_drop,,Events:,['christmas.giftdrop']
Full Path:,items/gift_drop.wav,,Scenes:,[]
Transcription:,,,Responses:,[]
Your Line:,,,Rules:,[]
,,,Criteria:,[]

Filename:,gift_pickup,,Events:,['christmas.giftpickup']
Full Path:,items/gift_pickup.wav,,Scenes:,[]
Transcription:,,,Responses:,[]
Your Line:,,,Rules:,[]
,,,Criteria:,[]

Filename:,gunpickup2,,Events:,"['ammopack.touch', 'grenadepack.touch']"
Full Path:,items/gunpickup2.wav,,Scenes:,[]
Transcription:,,,Responses:,[]
Your Line:,,,Rules:,[]
,,,Criteria:,[]

Filename:,banshee01,,Events:,['halloween.banshee']
Full Path:,items/halloween/banshee01.wav,,Scenes:,[]
Transcription:,,,Responses:,[]
Your Line:,,,Rules:,[]
,,,Criteria:,[]

Filename:,banshee02,,Events:,['halloween.banshee']
Full Path:,items/halloween/banshee02.wav,,Scenes:,[]
Transcription:,,,Responses:,[]
Your Line:,,,Rules:,[]
,,,Criteria:,[]

Filename:,banshee03,,Events:,['halloween.banshee']
Full Path:,items/halloween/banshee03.wav,,Scenes:,[]
Transcription:,,,Responses:,[]
Your Line:,,,Rules:,[]
,,,Criteria:,[]

Filename:,cat01,,Events:,['halloween.blackcat']
Full Path:,items/halloween/cat01.wav,,Scenes:,[]
Transcription:,,,Responses:,[]
Your Line:,,,Rules:,[]
,,,Criteria:,[]

Filename:,cat02,,Events:,['halloween.blackcat']
Full Path:,items/halloween/cat02.wav,,Scenes:,[]
Transcription:,,,Responses:,[]
Your Line:,,,Rules:,[]
,,,Criteria:,[]

Filename:,cat03,,Events:,['halloween.blackcat']
Full Path:,items/halloween/cat03.wav,,Scenes:,[]
Transcription:,,,Responses:,[]
Your Line:,,,Rules:,[]
,,,Criteria:,[]

Filename:,crazy01,,Events:,['halloween.crazylaugh']
Full Path:,items/halloween/crazy01.wav,,Scenes:,[]
Transcription:,,,Responses:,[]
Your Line:,,,Rules:,[]
,,,Criteria:,[]

Filename:,crazy02,,Events:,['halloween.crazylaugh']
Full Path:,items/halloween/crazy02.wav,,Scenes:,[]
Transcription:,,,Responses:,[]
Your Line:,,,Rules:,[]
,,,Criteria:,[]

Filename:,crazy03,,Events:,['halloween.crazylaugh']
Full Path:,items/halloween/crazy03.wav,,Scenes:,[]
Transcription:,,,Responses:,[]
Your Line:,,,Rules:,[]
,,,Criteria:,[]

Filename:,gremlin01,,Events:,['halloween.gremlin']
Full Path:,items/halloween/gremlin01.wav,,Scenes:,[]
Transcription:,,,Responses:,[]
Your Line:,,,Rules:,[]
,,,Criteria:,[]

Filename:,gremlin02,,Events:,['halloween.gremlin']
Full Path:,items/halloween/gremlin02.wav,,Scenes:,[]
Transcription:,,,Responses:,[]
Your Line:,,,Rules:,[]
,,,Criteria:,[]

Filename:,gremlin03,,Events:,['halloween.gremlin']
Full Path:,items/halloween/gremlin03.wav,,Scenes:,[]
Transcription:,,,Responses:,[]
Your Line:,,,Rules:,[]
,,,Criteria:,[]

Filename:,spooky01,,Events:,['halloween.sfx']
Full Path:,items/halloween/spooky01.wav,,Scenes:,[]
Transcription:,,,Responses:,[]
Your Line:,,,Rules:,[]
,,,Criteria:,[]

Filename:,spooky02,,Events:,['halloween.sfx']
Full Path:,items/halloween/spooky02.wav,,Scenes:,[]
Transcription:,,,Responses:,[]
Your Line:,,,Rules:,[]
,,,Criteria:,[]

Filename:,spooky03,,Events:,['halloween.sfx']
Full Path:,items/halloween/spooky03.wav,,Scenes:,[]
Transcription:,,,Responses:,[]
Your Line:,,,Rules:,[]
,,,Criteria:,[]

Filename:,stabby,,Events:,['halloween.stabby']
Full Path:,items/halloween/stabby.wav,,Scenes:,[]
Transcription:,,,Responses:,[]
Your Line:,,,Rules:,[]
,,,Criteria:,[]

Filename:,werewolf01,,Events:,['halloween.werewolf']
Full Path:,items/halloween/werewolf01.wav,,Scenes:,[]
Transcription:,,,Responses:,[]
Your Line:,,,Rules:,[]
,,,Criteria:,[]

Filename:,werewolf02,,Events:,['halloween.werewolf']
Full Path:,items/halloween/werewolf02.wav,,Scenes:,[]
Transcription:,,,Responses:,[]
Your Line:,,,Rules:,[]
,,,Criteria:,[]

Filename:,werewolf03,,Events:,['halloween.werewolf']
Full Path:,items/halloween/werewolf03.wav,,Scenes:,[]
Transcription:,,,Responses:,[]
Your Line:,,,Rules:,[]
,,,Criteria:,[]

Filename:,witch01,,Events:,['halloween.witch']
Full Path:,items/halloween/witch01.wav,,Scenes:,[]
Transcription:,,,Responses:,[]
Your Line:,,,Rules:,[]
,,,Criteria:,[]

Filename:,witch02,,Events:,['halloween.witch']
Full Path:,items/halloween/witch02.wav,,Scenes:,[]
Transcription:,,,Responses:,[]
Your Line:,,,Rules:,[]
,,,Criteria:,[]

Filename:,witch03,,Events:,['halloween.witch']
Full Path:,items/halloween/witch03.wav,,Scenes:,[]
Transcription:,,,Responses:,[]
Your Line:,,,Rules:,[]
,,,Criteria:,[]

Filename:,itembk2,,Events:,"['captureflag.flagspawn', 'resource.flagspawn']"
Full Path:,items/itembk2.wav,,Scenes:,[]
Transcription:,,,Responses:,[]
Your Line:,,,Rules:,[]
,,,Criteria:,[]

Filename:,tf_zen_bell_01,,Events:,['fundraiser.bell']
Full Path:,items/japan_fundraiser/tf_zen_bell_01.wav,,Scenes:,[]
Transcription:,,,Responses:,[]
Your Line:,,,Rules:,[]
,,,Criteria:,[]

Filename:,tf_zen_bell_02,,Events:,['fundraiser.bell']
Full Path:,items/japan_fundraiser/tf_zen_bell_02.wav,,Scenes:,[]
Transcription:,,,Responses:,[]
Your Line:,,,Rules:,[]
,,,Criteria:,[]

Filename:,tf_zen_bell_03,,Events:,['fundraiser.bell']
Full Path:,items/japan_fundraiser/tf_zen_bell_03.wav,,Scenes:,[]
Transcription:,,,Responses:,[]
Your Line:,,,Rules:,[]
,,,Criteria:,[]

Filename:,tf_zen_bell_04,,Events:,['fundraiser.bell']
Full Path:,items/japan_fundraiser/tf_zen_bell_04.wav,,Scenes:,[]
Transcription:,,,Responses:,[]
Your Line:,,,Rules:,[]
,,,Criteria:,[]

Filename:,tf_zen_bell_05,,Events:,['fundraiser.bell']
Full Path:,items/japan_fundraiser/tf_zen_bell_05.wav,,Scenes:,[]
Transcription:,,,Responses:,[]
Your Line:,,,Rules:,[]
,,,Criteria:,[]

Filename:,tf_zen_prayer_bowl_01,,Events:,['fundraiser.prayerbowl']
Full Path:,items/japan_fundraiser/tf_zen_prayer_bowl_01.wav,,Scenes:,[]
Transcription:,,,Responses:,[]
Your Line:,,,Rules:,[]
,,,Criteria:,[]

Filename:,tf_zen_prayer_bowl_02,,Events:,['fundraiser.prayerbowl']
Full Path:,items/japan_fundraiser/tf_zen_prayer_bowl_02.wav,,Scenes:,[]
Transcription:,,,Responses:,[]
Your Line:,,,Rules:,[]
,,,Criteria:,[]

Filename:,tf_zen_prayer_bowl_03,,Events:,['fundraiser.prayerbowl']
Full Path:,items/japan_fundraiser/tf_zen_prayer_bowl_03.wav,,Scenes:,[]
Transcription:,,,Responses:,[]
Your Line:,,,Rules:,[]
,,,Criteria:,[]

Filename:,tf_zen_tingsha_01,,Events:,['fundraiser.tingsha']
Full Path:,items/japan_fundraiser/tf_zen_tingsha_01.wav,,Scenes:,[]
Transcription:,,,Responses:,[]
Your Line:,,,Rules:,[]
,,,Criteria:,[]

Filename:,tf_zen_tingsha_02,,Events:,[]
Full Path:,items/japan_fundraiser/tf_zen_tingsha_02.wav,,Scenes:,[]
Transcription:,,,Responses:,[]
Your Line:,,,Rules:,[]
Unused?,,,Criteria:,[]

Filename:,tf_zen_tingsha_03,,Events:,[]
Full Path:,items/japan_fundraiser/tf_zen_tingsha_03.wav,,Scenes:,[]
Transcription:,,,Responses:,[]
Your Line:,,,Rules:,[]
Unused?,,,Criteria:,[]

Filename:,tf_zen_tingsha_04,,Events:,[]
Full Path:,items/japan_fundraiser/tf_zen_tingsha_04.wav,,Scenes:,[]
Transcription:,,,Responses:,[]
Your Line:,,,Rules:,[]
Unused?,,,Criteria:,[]

Filename:,tf_zen_tingsha_05,,Events:,[]
Full Path:,items/japan_fundraiser/tf_zen_tingsha_05.wav,,Scenes:,[]
Transcription:,,,Responses:,[]
Your Line:,,,Rules:,[]
Unused?,,,Criteria:,[]

Filename:,tf_zen_tingsha_06,,Events:,[]
Full Path:,items/japan_fundraiser/tf_zen_tingsha_06.wav,,Scenes:,[]
Transcription:,,,Responses:,[]
Your Line:,,,Rules:,[]
Unused?,,,Criteria:,[]

Filename:,para_close,,Events:,"['parachute_close', 'pyro_taunt_the_skating_scorcher_para_close']"
Full Path:,items/para_close.wav,,Scenes:,['scenes/workshop/player/pyro/low/taunt_the_skating_scorcher_outro.vcd']
Transcription:,,,Responses:,['Taunt: The Skating Scorcher']
Your Line:,,,Rules:,[]
,,,Criteria:,[]

Filename:,para_open,,Events:,"['parachute_open', 'pyro_taunt_the_skating_scorcher_para_open']"
Full Path:,items/para_open.wav,,Scenes:,['scenes/workshop/player/pyro/low/taunt_the_skating_scorcher_intro.vcd']
Transcription:,,,Responses:,['Taunt: The Skating Scorcher']
Your Line:,,,Rules:,[]
,,,Criteria:,[]

Filename:,pegleg_01,,Events:,['pegleg.stepright']
Full Path:,items/pegleg_01.wav,,Scenes:,[]
Transcription:,,,Responses:,[]
Your Line:,,,Rules:,[]
,,,Criteria:,[]

Filename:,pegleg_02,,Events:,['pegleg.stepright']
Full Path:,items/pegleg_02.wav,,Scenes:,[]
Transcription:,,,Responses:,[]
Your Line:,,,Rules:,[]
,,,Criteria:,[]

Filename:,powerup_pickup_agility,,Events:,['powerup.pickupagility']
Full Path:,items/powerup_pickup_agility.wav,,Scenes:,[]
Transcription:,,,Responses:,[]
Your Line:,,,Rules:,[]
,,,Criteria:,[]

Filename:,powerup_pickup_base,,Events:,['powerup.pickupbase']
Full Path:,items/powerup_pickup_base.wav,,Scenes:,[]
Transcription:,,,Responses:,[]
Your Line:,,,Rules:,[]
,,,Criteria:,[]

Filename:,powerup_pickup_crits,,Events:,['powerup.pickuptemp.crit']
Full Path:,items/powerup_pickup_crits.wav,,Scenes:,[]
Transcription:,,,Responses:,[]
Your Line:,,,Rules:,[]
,,,Criteria:,[]

Filename:,powerup_pickup_haste,,Events:,['powerup.pickuphaste']
Full Path:,items/powerup_pickup_haste.wav,,Scenes:,[]
Transcription:,,,Responses:,[]
Your Line:,,,Rules:,[]
,,,Criteria:,[]

Filename:,powerup_pickup_king,,Events:,['powerup.pickupking']
Full Path:,items/powerup_pickup_king.wav,,Scenes:,[]
Transcription:,,,Responses:,[]
Your Line:,,,Rules:,[]
,,,Criteria:,[]

Filename:,powerup_pickup_knockout,,Events:,['powerup.pickupknockout']
Full Path:,items/powerup_pickup_knockout.wav,,Scenes:,[]
Transcription:,,,Responses:,[]
Your Line:,,,Rules:,[]
,,,Criteria:,[]

Filename:,powerup_pickup_knockout_melee_hit,,Events:,['powerup.knockout_melee_hit']
Full Path:,items/powerup_pickup_knockout_melee_hit.wav,,Scenes:,[]
Transcription:,,,Responses:,[]
Your Line:,,,Rules:,[]
,,,Criteria:,[]

Filename:,powerup_pickup_plague,,Events:,['powerup.pickupplague']
Full Path:,items/powerup_pickup_plague.wav,,Scenes:,[]
Transcription:,,,Responses:,[]
Your Line:,,,Rules:,[]
,,,Criteria:,[]

Filename:,powerup_pickup_plague_infected,,Events:,['powerup.pickupplagueinfected']
Full Path:,items/powerup_pickup_plague_infected.wav,,Scenes:,[]
Transcription:,,,Responses:,[]
Your Line:,,,Rules:,[]
,,,Criteria:,[]

Filename:,powerup_pickup_plague_infected_loop,,Events:,['powerup.pickupplagueinfectedloop']
Full Path:,items/powerup_pickup_plague_infected_loop.wav,,Scenes:,[]
Transcription:,,,Responses:,[]
Your Line:,,,Rules:,[]
,,,Criteria:,[]

Filename:,powerup_pickup_precision,,Events:,['powerup.pickupprecision']
Full Path:,items/powerup_pickup_precision.wav,,Scenes:,[]
Transcription:,,,Responses:,[]
Your Line:,,,Rules:,[]
,,,Criteria:,[]

Filename:,powerup_pickup_reduced_damage,,Events:,['powerup.reduceddamage']
Full Path:,items/powerup_pickup_reduced_damage.wav,,Scenes:,[]
Transcription:,,,Responses:,[]
Your Line:,,,Rules:,[]
,,,Criteria:,[]

Filename:,powerup_pickup_reflect,,Events:,['powerup.pickupreflect']
Full Path:,items/powerup_pickup_reflect.wav,,Scenes:,[]
Transcription:,,,Responses:,[]
Your Line:,,,Rules:,[]
,,,Criteria:,[]

Filename:,powerup_pickup_reflect_reflect_damage,,Events:,['powerup.reflect.reflect']
Full Path:,items/powerup_pickup_reflect_reflect_damage.wav,,Scenes:,[]
Transcription:,,,Responses:,[]
Your Line:,,,Rules:,[]
,,,Criteria:,[]

Filename:,powerup_pickup_regeneration,,Events:,['powerup.pickupregeneration']
Full Path:,items/powerup_pickup_regeneration.wav,,Scenes:,[]
Transcription:,,,Responses:,[]
Your Line:,,,Rules:,[]
,,,Criteria:,[]

Filename:,powerup_pickup_resistance,,Events:,['powerup.pickupresistance']
Full Path:,items/powerup_pickup_resistance.wav,,Scenes:,[]
Transcription:,,,Responses:,[]
Your Line:,,,Rules:,[]
,,,Criteria:,[]

Filename:,powerup_pickup_strength,,Events:,['powerup.pickupstrength']
Full Path:,items/powerup_pickup_strength.wav,,Scenes:,[]
Transcription:,,,Responses:,[]
Your Line:,,,Rules:,[]
,,,Criteria:,[]

Filename:,powerup_pickup_supernova,,Events:,['powerup.pickupsupernova']
Full Path:,items/powerup_pickup_supernova.wav,,Scenes:,[]
Transcription:,,,Responses:,[]
Your Line:,,,Rules:,[]
,,,Criteria:,[]

Filename:,powerup_pickup_supernova_activate,,Events:,['powerup.pickupsupernovaactivate']
Full Path:,items/powerup_pickup_supernova_activate.wav,,Scenes:,[]
Transcription:,,,Responses:,[]
Your Line:,,,Rules:,[]
,,,Criteria:,[]

Filename:,powerup_pickup_team_revenge,,Events:,['powerup.volume.use']
Full Path:,items/powerup_pickup_team_revenge.wav,,Scenes:,[]
Transcription:,,,Responses:,[]
Your Line:,,,Rules:,[]
,,,Criteria:,[]

Filename:,powerup_pickup_uber,,Events:,['powerup.pickuptemp.uber']
Full Path:,items/powerup_pickup_uber.wav,,Scenes:,[]
Transcription:,,,Responses:,[]
Your Line:,,,Rules:,[]
,,,Criteria:,[]

Filename:,powerup_pickup_vampire,,Events:,['powerup.pickupvampire']
Full Path:,items/powerup_pickup_vampire.wav,,Scenes:,[]
Transcription:,,,Responses:,[]
Your Line:,,,Rules:,[]
,,,Criteria:,[]

Filename:,powerup_pickup_warlock,,Events:,['powerup.pickupthorns']
Full Path:,items/powerup_pickup_warlock.wav,,Scenes:,[]
Transcription:,,,Responses:,[]
Your Line:,,,Rules:,[]
Missing?,,,Criteria:,[]

Filename:,pumpkin_drop,,Events:,['halloween.pumpkindrop']
Full Path:,items/pumpkin_drop.wav,,Scenes:,[]
Transcription:,,,Responses:,[]
Your Line:,,,Rules:,[]
,,,Criteria:,[]

Filename:,pumpkin_explode1,,Events:,['halloween.pumpkinexplode']
Full Path:,items/pumpkin_explode1.wav,,Scenes:,[]
Transcription:,,,Responses:,[]
Your Line:,,,Rules:,[]
,,,Criteria:,[]

Filename:,pumpkin_explode2,,Events:,['halloween.pumpkinexplode']
Full Path:,items/pumpkin_explode2.wav,,Scenes:,[]
Transcription:,,,Responses:,[]
Your Line:,,,Rules:,[]
,,,Criteria:,[]

Filename:,pumpkin_explode3,,Events:,['halloween.pumpkinexplode']
Full Path:,items/pumpkin_explode3.wav,,Scenes:,[]
Transcription:,,,Responses:,[]
Your Line:,,,Rules:,[]
,,,Criteria:,[]

Filename:,pumpkin_pickup,,Events:,['halloween.pumpkinpickup']
Full Path:,items/pumpkin_pickup.wav,,Scenes:,[]
Transcription:,,,Responses:,[]
Your Line:,,,Rules:,[]
,,,Criteria:,[]

Filename:,pyro_guitar_solo_no_verb,,Events:,['pyro.guitar_shred_01']
Full Path:,items/pyro_guitar_solo_no_verb.wav,,Scenes:,['scenes/player/pyro/low/drg_axe_taunt.vcd']
Transcription:,,,Responses:,['PyroTauntThirdDegree']
Your Line:,,,Rules:,['PyroTauntThirdDegree']
,,,Criteria:,"[['ConceptPlayerTaunt', 'IsPyro', 'WeaponIsThirdDegree']]"

Filename:,pyro_guitar_solo_with_verb,,Events:,['pyro.guitar_shred_02']
Full Path:,items/pyro_guitar_solo_with_verb.wav,,Scenes:,[]
Transcription:,,,Responses:,[]
Your Line:,,,Rules:,[]
Missing?,,,Criteria:,[]

Filename:,pyro_music_tube,,Events:,['pyro.music_backpack']
Full Path:,items/pyro_music_tube.wav,,Scenes:,[]
Transcription:,,,Responses:,[]
Your Line:,,,Rules:,[]
,,,Criteria:,[]

Filename:,r_item1,,Events:,['changeclass.touch']
Full Path:,items/r_item1.wav,,Scenes:,[]
Transcription:,,,Responses:,[]
Your Line:,,,Rules:,[]
Missing?,,,Criteria:,[]

Filename:,regenerate,,Events:,['regenerate.touch']
Full Path:,items/regenerate.wav,,Scenes:,[]
Transcription:,,,Responses:,[]
Your Line:,,,Rules:,[]
,,,Criteria:,[]

Filename:,tf_conch,,Events:,['samurai.conch']
Full Path:,items/samurai/tf_conch.wav,,Scenes:,[]
Transcription:,,,Responses:,[]
Your Line:,,,Rules:,[]
,,,Criteria:,[]

Filename:,tf_samurai_noisemaker_seta_01,,Events:,['samurai.exaltation']
Full Path:,items/samurai/tf_samurai_noisemaker_seta_01.wav,,Scenes:,[]
Transcription:,,,Responses:,[]
Your Line:,,,Rules:,[]
,,,Criteria:,[]

Filename:,tf_samurai_noisemaker_seta_02,,Events:,['samurai.exaltation']
Full Path:,items/samurai/tf_samurai_noisemaker_seta_02.wav,,Scenes:,[]
Transcription:,,,Responses:,[]
Your Line:,,,Rules:,[]
,,,Criteria:,[]

Filename:,tf_samurai_noisemaker_seta_03,,Events:,['samurai.exaltation']
Full Path:,items/samurai/tf_samurai_noisemaker_seta_03.wav,,Scenes:,[]
Transcription:,,,Responses:,[]
Your Line:,,,Rules:,[]
,,,Criteria:,[]

Filename:,tf_samurai_noisemaker_setb_01,,Events:,['samurai.koto']
Full Path:,items/samurai/tf_samurai_noisemaker_setb_01.wav,,Scenes:,[]
Transcription:,,,Responses:,[]
Your Line:,,,Rules:,[]
,,,Criteria:,[]

Filename:,tf_samurai_noisemaker_setb_02,,Events:,['samurai.koto']
Full Path:,items/samurai/tf_samurai_noisemaker_setb_02.wav,,Scenes:,[]
Transcription:,,,Responses:,[]
Your Line:,,,Rules:,[]
,,,Criteria:,[]

Filename:,tf_samurai_noisemaker_setb_03,,Events:,['samurai.koto']
Full Path:,items/samurai/tf_samurai_noisemaker_setb_03.wav,,Scenes:,[]
Transcription:,,,Responses:,[]
Your Line:,,,Rules:,[]
,,,Criteria:,[]

Filename:,scout_boombox_02,,Events:,['scout.boombox']
Full Path:,items/scout_boombox_02.wav,,Scenes:,[]
Transcription:,,,Responses:,[]
Your Line:,,,Rules:,[]
,,,Criteria:,[]

Filename:,scout_boombox_03,,Events:,['scout.boombox']
Full Path:,items/scout_boombox_03.wav,,Scenes:,[]
Transcription:,,,Responses:,[]
Your Line:,,,Rules:,[]
,,,Criteria:,[]

Filename:,scout_boombox_04,,Events:,['scout.boombox']
Full Path:,items/scout_boombox_04.wav,,Scenes:,[]
Transcription:,,,Responses:,[]
Your Line:,,,Rules:,[]
,,,Criteria:,[]

Filename:,scout_boombox_05,,Events:,['scout.boombox']
Full Path:,items/scout_boombox_05.wav,,Scenes:,[]
Transcription:,,,Responses:,[]
Your Line:,,,Rules:,[]
,,,Criteria:,[]

Filename:,smallmedkit1,,Events:,['healthkit.touch']
Full Path:,items/smallmedkit1.wav,,Scenes:,[]
Transcription:,,,Responses:,[]
Your Line:,,,Rules:,[]
Missing?,,,Criteria:,[]

Filename:,spawn_item,,Events:,['item.materialize']
Full Path:,items/spawn_item.wav,,Scenes:,[]
Transcription:,,,Responses:,[]
Your Line:,,,Rules:,[]
,,,Criteria:,[]

Filename:,suitchargeok1,,Events:,['basecombatweapon.weaponmaterialize']
Full Path:,items/suitchargeok1.wav,,Scenes:,[]
Transcription:,,,Responses:,[]
Your Line:,,,Rules:,[]
Missing?,,,Criteria:,[]

Filename:,summer_fireworks1,,Events:,['summer.fireworks']
Full Path:,items/summer/summer_fireworks1.wav,,Scenes:,[]
Transcription:,,,Responses:,[]
Your Line:,,,Rules:,[]
,,,Criteria:,[]

Filename:,summer_fireworks2,,Events:,['summer.fireworks']
Full Path:,items/summer/summer_fireworks2.wav,,Scenes:,[]
Transcription:,,,Responses:,[]
Your Line:,,,Rules:,[]
,,,Criteria:,[]

Filename:,summer_fireworks3,,Events:,['summer.fireworks']
Full Path:,items/summer/summer_fireworks3.wav,,Scenes:,[]
Transcription:,,,Responses:,[]
Your Line:,,,Rules:,[]
,,,Criteria:,[]

Filename:,summer_fireworks4,,Events:,['summer.fireworks']
Full Path:,items/summer/summer_fireworks4.wav,,Scenes:,[]
Transcription:,,,Responses:,[]
Your Line:,,,Rules:,[]
,,,Criteria:,[]

Filename:,badpipes1,,Events:,['true_scotsmans_music']
Full Path:,items/taunts/badpipes/badpipes1.mp3,,Scenes:,['scenes/workshop/player/demoman/low/true_scotsmans_call.vcd']
Transcription:,First tune,,Responses:,['Taunt: Bad Pipes']
Your Line:,,,Rules:,[]
,,,Criteria:,[]

Filename:,badpipes2,,Events:,['true_scotsmans_music']
Full Path:,items/taunts/badpipes/badpipes2.mp3,,Scenes:,['scenes/workshop/player/demoman/low/true_scotsmans_call.vcd']
Transcription:,Second tune,,Responses:,['Taunt: Bad Pipes']
Your Line:,,,Rules:,[]
,,,Criteria:,[]

Filename:,badpipes3,,Events:,['true_scotsmans_music']
Full Path:,items/taunts/badpipes/badpipes3.mp3,,Scenes:,['scenes/workshop/player/demoman/low/true_scotsmans_call.vcd']
Transcription:,Third tune,,Responses:,['Taunt: Bad Pipes']
Your Line:,,,Rules:,[]
,,,Criteria:,[]

Filename:,badpipes4,,Events:,['true_scotsmans_music']
Full Path:,items/taunts/badpipes/badpipes4.mp3,,Scenes:,['scenes/workshop/player/demoman/low/true_scotsmans_call.vcd']
Transcription:,Fourth tune,,Responses:,['Taunt: Bad Pipes']
Your Line:,,,Rules:,[]
,,,Criteria:,[]

Filename:,badpipes5,,Events:,['true_scotsmans_music']
Full Path:,items/taunts/badpipes/badpipes5.mp3,,Scenes:,['scenes/workshop/player/demoman/low/true_scotsmans_call.vcd']
Transcription:,Fifth tune,,Responses:,['Taunt: Bad Pipes']
Your Line:,,,Rules:,[]
,,,Criteria:,[]

Filename:,borrowed_bones_end,,Events:,['medic_taunt_burrowed_bones_end']
Full Path:,items/taunts/borrowed_bones/borrowed_bones_end.wav,,Scenes:,['scenes/workshop/player/medic/low/taunt_borrowed_bones.vcd']
Transcription:,"[bones rattling, as the skeleton is put away",,Responses:,['Taunt: Borrowed Bones']
Your Line:,,,Rules:,[]
,,,Criteria:,[]

Filename:,borrowed_bones_mid,,Events:,['medic_taunt_burrowed_bones_mid']
Full Path:,items/taunts/borrowed_bones/borrowed_bones_mid.wav,,Scenes:,['scenes/workshop/player/medic/low/taunt_borrowed_bones.vcd']
Transcription:,"[bones rattling, as the skeleton is made to wave",,Responses:,['Taunt: Borrowed Bones']
Your Line:,,,Rules:,[]
,,,Criteria:,[]

Filename:,borrowed_bones_start,,Events:,['medic_taunt_burrowed_bones_start']
Full Path:,items/taunts/borrowed_bones/borrowed_bones_start.wav,,Scenes:,['scenes/workshop/player/medic/low/taunt_borrowed_bones.vcd']
Transcription:,"[bones rattling, as the skeleton is pulled out",,Responses:,['Taunt: Borrowed Bones']
Your Line:,,,Rules:,[]
,,,Criteria:,[]

Filename:,killer_solo_01,,Events:,['sniper.killer_solo_music']
Full Path:,items/taunts/killer_solo/killer_solo_01.mp3,,Scenes:,[]
Transcription:,First tune,,Responses:,[]
Your Line:,,,Rules:,[]
,,,Criteria:,[]

Filename:,killer_solo_02,,Events:,['sniper.killer_solo_music']
Full Path:,items/taunts/killer_solo/killer_solo_02.mp3,,Scenes:,[]
Transcription:,Second tune,,Responses:,[]
Your Line:,,,Rules:,[]
,,,Criteria:,[]

Filename:,killer_solo_03,,Events:,['sniper.killer_solo_music']
Full Path:,items/taunts/killer_solo/killer_solo_03.mp3,,Scenes:,[]
Transcription:,Third tune,,Responses:,[]
Your Line:,,,Rules:,[]
,,,Criteria:,[]

Filename:,killer_solo_04,,Events:,['sniper.killer_solo_music']
Full Path:,items/taunts/killer_solo/killer_solo_04.mp3,,Scenes:,[]
Transcription:,Fourth tune,,Responses:,[]
Your Line:,,,Rules:,[]
,,,Criteria:,[]

Filename:,killer_solo_05,,Events:,['sniper.killer_solo_music']
Full Path:,items/taunts/killer_solo/killer_solo_05.mp3,,Scenes:,[]
Transcription:,Fifth tune,,Responses:,[]
Your Line:,,,Rules:,[]
,,,Criteria:,[]

Filename:,scout_boston_breakdance_02,,Events:,['scout.boston_breakdance_music']
Full Path:,items/taunts/scout_boston_breakdance/scout_boston_breakdance_02.mp3,,Scenes:,[]
Transcription:,First tune,,Responses:,[]
Your Line:,,,Rules:,[]
,,,Criteria:,[]

Filename:,scout_boston_breakdance_03,,Events:,['scout.boston_breakdance_music']
Full Path:,items/taunts/scout_boston_breakdance/scout_boston_breakdance_03.mp3,,Scenes:,[]
Transcription:,Second tune,,Responses:,[]
Your Line:,,,Rules:,[]
,,,Criteria:,[]

Filename:,scout_boston_breakdance_04,,Events:,['scout.boston_breakdance_music']
Full Path:,items/taunts/scout_boston_breakdance/scout_boston_breakdance_04.mp3,,Scenes:,[]
Transcription:,Third tune,,Responses:,[]
Your Line:,,,Rules:,[]
,,,Criteria:,[]

Filename:,scout_boston_breakdance_05,,Events:,['scout.boston_breakdance_music']
Full Path:,items/taunts/scout_boston_breakdance/scout_boston_breakdance_05.mp3,,Scenes:,[]
Transcription:,Fourth tune,,Responses:,[]
Your Line:,,,Rules:,[]
,,,Criteria:,[]

Filename:,spy.travel_agent_helicopter_loop,,Events:,['spy.travel_agent_helicopter_loop']
Full Path:,items/taunts/spy_travel_agent/spy.travel_agent_helicopter_loop.wav,,Scenes:,[]
Transcription:,[Helicopter engine,,Responses:,[]
Your Line:,,,Rules:,[]
,,,Criteria:,[]

Filename:,tf_music_upgrade_machine,,Events:,[]
Full Path:,items/tf_music_upgrade_machine.wav,,Scenes:,[]
Transcription:,,,Responses:,[]
Your Line:,,,Rules:,[]
Unused?,,,Criteria:,[]

Filename:,wheatley_player_death01,,Events:,['psap.deathlong']
Full Path:,vo/items/wheatley_sapper/wheatley_player_death01.mp3,,Scenes:,[]
Transcription:,"You know what? It's not the winning, is it? It's the taking part that counts. And you're, uh... And you're doing that.",,Responses:,[]
Your Line:,,,Rules:,[]
,,,Criteria:,[]

Filename:,wheatley_player_death02,,Events:,['psap.deathlong']
Full Path:,vo/items/wheatley_sapper/wheatley_player_death02.mp3,,Scenes:,[]
Transcription:,You know what? You win just for taking part. We're all winners!,,Responses:,[]
Your Line:,,,Rules:,[]
,,,Criteria:,[]

Filename:,wheatley_player_death03,,Events:,['psap.deathlong']
Full Path:,vo/items/wheatley_sapper/wheatley_player_death03.mp3,,Scenes:,[]
Transcription:,"Aw! Bless your heart, you're doing your best.",,Responses:,[]
Your Line:,,,Rules:,[]
,,,Criteria:,[]

Filename:,wheatley_player_death04,,Events:,['psap.deathlong']
Full Path:,vo/items/wheatley_sapper/wheatley_player_death04.mp3,,Scenes:,[]
Transcription:,It's the trying that counts! It's the trying that counts.,,Responses:,[]
Your Line:,,,Rules:,[]
,,,Criteria:,[]

Filename:,wheatley_player_death05,,Events:,['psap.death']
Full Path:,vo/items/wheatley_sapper/wheatley_player_death05.mp3,,Scenes:,[]
Transcription:,Oh!,,Responses:,[]
Your Line:,,,Rules:,[]
,,,Criteria:,[]

Filename:,wheatley_player_death06,,Events:,['psap.death']
Full Path:,vo/items/wheatley_sapper/wheatley_player_death06.mp3,,Scenes:,[]
Transcription:,Oh!,,Responses:,[]
Your Line:,,,Rules:,[]
,,,Criteria:,[]

Filename:,wheatley_player_death07,,Events:,['psap.death']
Full Path:,vo/items/wheatley_sapper/wheatley_player_death07.mp3,,Scenes:,[]
Transcription:,Ooh...,,Responses:,[]
Your Line:,,,Rules:,[]
,,,Criteria:,[]

Filename:,wheatley_player_death08,,Events:,['psap.death']
Full Path:,vo/items/wheatley_sapper/wheatley_player_death08.mp3,,Scenes:,[]
Transcription:,Uh-oh! That's--ugh...,,Responses:,[]
Your Line:,,,Rules:,[]
,,,Criteria:,[]

Filename:,wheatley_player_death09,,Events:,['psap.death']
Full Path:,vo/items/wheatley_sapper/wheatley_player_death09.mp3,,Scenes:,[]
Transcription:,"Ooh, I felt that...",,Responses:,[]
Your Line:,,,Rules:,[]
,,,Criteria:,[]

Filename:,wheatley_player_death10,,Events:,['psap.death']
Full Path:,vo/items/wheatley_sapper/wheatley_player_death10.mp3,,Scenes:,[]
Transcription:,Ooh! That looked painful.,,Responses:,[]
Your Line:,,,Rules:,[]
,,,Criteria:,[]

Filename:,wheatley_player_death12,,Events:,['psap.death']
Full Path:,vo/items/wheatley_sapper/wheatley_player_death12.mp3,,Scenes:,[]
Transcription:,Are you okay?,,Responses:,[]
Your Line:,,,Rules:,[]
,,,Criteria:,[]

Filename:,wheatley_player_death13,,Events:,['psap.deathlong']
Full Path:,vo/items/wheatley_sapper/wheatley_player_death13.mp3,,Scenes:,[]
Transcription:,"If you're alive, can you say something? Jump around, so I know you're okay! Unless you've broken your legs, in which case, don't jump around - that'll just make it worse!",,Responses:,[]
Your Line:,,,Rules:,[]
,,,Criteria:,[]

Filename:,wheatley_player_death14,,Events:,['psap.deathlong']
Full Path:,vo/items/wheatley_sapper/wheatley_player_death14.mp3,,Scenes:,[]
Transcription:,That did not end well.,,Responses:,[]
Your Line:,,,Rules:,[]
,,,Criteria:,[]

Filename:,wheatley_player_death15,,Events:,['psap.death']
Full Path:,vo/items/wheatley_sapper/wheatley_player_death15.mp3,,Scenes:,[]
Transcription:,Embarrassing.,,Responses:,[]
Your Line:,,,Rules:,[]
,,,Criteria:,[]

Filename:,wheatley_player_death16,,Events:,['psap.death']
Full Path:,vo/items/wheatley_sapper/wheatley_player_death16.mp3,,Scenes:,[]
Transcription:,Okay. Well...,,Responses:,[]
Your Line:,,,Rules:,[]
,,,Criteria:,[]

Filename:,wheatley_player_death17,,Events:,['psap.death']
Full Path:,vo/items/wheatley_sapper/wheatley_player_death17.mp3,,Scenes:,[]
Transcription:,Oh! That's nasty.,,Responses:,[]
Your Line:,,,Rules:,[]
,,,Criteria:,[]

Filename:,wheatley_player_death19,,Events:,['psap.deathlong']
Full Path:,vo/items/wheatley_sapper/wheatley_player_death19.mp3,,Scenes:,[]
Transcription:,"Oh, bless him. Trying so hard. Useless.",,Responses:,[]
Your Line:,,,Rules:,[]
,,,Criteria:,[]

Filename:,wheatley_player_death21,,Events:,['psap.death']
Full Path:,vo/items/wheatley_sapper/wheatley_player_death21.mp3,,Scenes:,[]
Transcription:,Ooh...,,Responses:,[]
Your Line:,,,Rules:,[]
,,,Criteria:,[]

Filename:,wheatley_player_death22,,Events:,['psap.death']
Full Path:,vo/items/wheatley_sapper/wheatley_player_death22.mp3,,Scenes:,[]
Transcription:,Uh-oh. That's...mmm.,,Responses:,[]
Your Line:,,,Rules:,[]
,,,Criteria:,[]

Filename:,wheatley_player_death23,,Events:,['psap.death']
Full Path:,vo/items/wheatley_sapper/wheatley_player_death23.mp3,,Scenes:,[]
Transcription:,Ugh! Um...mmm.,,Responses:,[]
Your Line:,,,Rules:,[]
,,,Criteria:,[]

Filename:,wheatley_player_death24,,Events:,['psap.death']
Full Path:,vo/items/wheatley_sapper/wheatley_player_death24.mp3,,Scenes:,[]
Transcription:,"""Uh-oh."" *chuckle*",,Responses:,[]
Your Line:,,,Rules:,[]
,,,Criteria:,[]

Filename:,wheatley_player_death25,,Events:,['psap.death']
Full Path:,vo/items/wheatley_sapper/wheatley_player_death25.mp3,,Scenes:,[]
Transcription:,Oh dear.,,Responses:,[]
Your Line:,,,Rules:,[]
,,,Criteria:,[]

Filename:,wheatley_player_death26,,Events:,['psap.deathlong']
Full Path:,vo/items/wheatley_sapper/wheatley_player_death26.mp3,,Scenes:,[]
Transcription:,Uh...I might not have completely thought this one through.,,Responses:,[]
Your Line:,,,Rules:,[]
,,,Criteria:,[]

Filename:,wheatley_sapper_attached05,,Events:,['psap.attached']
Full Path:,vo/items/wheatley_sapper/wheatley_sapper_attached05.mp3,,Scenes:,[]
Transcription:,Well done!,,Responses:,[]
Your Line:,,,Rules:,[]
,,,Criteria:,[]

Filename:,wheatley_sapper_attached06,,Events:,['psap.attached']
Full Path:,vo/items/wheatley_sapper/wheatley_sapper_attached06.mp3,,Scenes:,[]
Transcription:,Oh great!,,Responses:,[]
Your Line:,,,Rules:,[]
,,,Criteria:,[]

Filename:,wheatley_sapper_attached09,,Events:,['psap.attached']
Full Path:,vo/items/wheatley_sapper/wheatley_sapper_attached09.mp3,,Scenes:,[]
Transcription:,Just hold tight.,,Responses:,[]
Your Line:,,,Rules:,[]
,,,Criteria:,[]

Filename:,wheatley_sapper_attached10,,Events:,['psap.attached']
Full Path:,vo/items/wheatley_sapper/wheatley_sapper_attached10.mp3,,Scenes:,[]
Transcription:,Oh! Brilliant!,,Responses:,[]
Your Line:,,,Rules:,[]
,,,Criteria:,[]

Filename:,wheatley_sapper_attached13,,Events:,['psap.attached']
Full Path:,vo/items/wheatley_sapper/wheatley_sapper_attached13.mp3,,Scenes:,[]
Transcription:,Ah! Yes!,,Responses:,[]
Your Line:,,,Rules:,[]
,,,Criteria:,[]

Filename:,wheatley_sapper_attached14,,Events:,['psap.attached']
Full Path:,vo/items/wheatley_sapper/wheatley_sapper_attached14.mp3,,Scenes:,[]
Transcription:,Okay! I'm about to start hacking!,,Responses:,[]
Your Line:,,,Rules:,[]
,,,Criteria:,[]

Filename:,wheatley_sapper_attached16,,Events:,['psap.attached']
Full Path:,vo/items/wheatley_sapper/wheatley_sapper_attached16.mp3,,Scenes:,[]
Transcription:,Oh! Perfect!,,Responses:,[]
Your Line:,,,Rules:,[]
,,,Criteria:,[]

Filename:,wheatley_sapper_attached18,,Events:,['psap.attachedpw']
Full Path:,vo/items/wheatley_sapper/wheatley_sapper_attached18.mp3,,Scenes:,[]
Transcription:,"Ah, there's a password.",,Responses:,[]
Your Line:,,,Rules:,[]
,,,Criteria:,[]

Filename:,wheatley_sapper_attached19,,Events:,['psap.attachedpw']
Full Path:,vo/items/wheatley_sapper/wheatley_sapper_attached19.mp3,,Scenes:,[]
Transcription:,"Oh, th--there's a password...",,Responses:,[]
Your Line:,,,Rules:,[]
,,,Criteria:,[]

Filename:,wheatley_sapper_attached20,,Events:,['psap.attachedpw']
Full Path:,vo/items/wheatley_sapper/wheatley_sapper_attached20.mp3,,Scenes:,[]
Transcription:,Okay. Password hacking.,,Responses:,[]
Your Line:,,,Rules:,[]
,,,Criteria:,[]

Filename:,wheatley_sapper_attached22,,Events:,['psap.attachedpw']
Full Path:,vo/items/wheatley_sapper/wheatley_sapper_attached22.mp3,,Scenes:,[]
Transcription:,Oh! There's a--there's a password!,,Responses:,[]
Your Line:,,,Rules:,[]
,,,Criteria:,[]

Filename:,wheatley_sapper_attached23,,Events:,['psap.attached']
Full Path:,vo/items/wheatley_sapper/wheatley_sapper_attached23.mp3,,Scenes:,[]
Transcription:,"""Okay. Hacking, begin!"" *typing*",,Responses:,[]
Your Line:,,,Rules:,[]
,,,Criteria:,[]

Filename:,wheatley_sapper_attached26,,Events:,['psap.hacking']
Full Path:,vo/items/wheatley_sapper/wheatley_sapper_attached26.mp3,,Scenes:,[]
Transcription:,Okay. Let's see...what we've got here...,,Responses:,[]
Your Line:,,,Rules:,[]
,,,Criteria:,[]

Filename:,wheatley_sapper_attack01,,Events:,['psap.damage']
Full Path:,vo/items/wheatley_sapper/wheatley_sapper_attack01.mp3,,Scenes:,[]
Transcription:,Is that gunfire? Is--is someone shooting?,,Responses:,[]
Your Line:,,,Rules:,[]
,,,Criteria:,[]

Filename:,wheatley_sapper_attack02,,Events:,['psap.damage']
Full Path:,vo/items/wheatley_sapper/wheatley_sapper_attack02.mp3,,Scenes:,[]
Transcription:,"Oh my God, they're shooting at us! They're shooting at us! Don't panic, but they are shooting at us!",,Responses:,[]
Your Line:,,,Rules:,[]
,,,Criteria:,[]

Filename:,wheatley_sapper_attack03,,Events:,['psap.damage']
Full Path:,vo/items/wheatley_sapper/wheatley_sapper_attack03.mp3,,Scenes:,[]
Transcription:,What--what's that? Is that gunfire?,,Responses:,[]
Your Line:,,,Rules:,[]
,,,Criteria:,[]

Filename:,wheatley_sapper_attack04,,Events:,['psap.damage']
Full Path:,vo/items/wheatley_sapper/wheatley_sapper_attack04.mp3,,Scenes:,[]
Transcription:,"Oh God, someone's shooting at us now!",,Responses:,[]
Your Line:,,,Rules:,[]
,,,Criteria:,[]

Filename:,wheatley_sapper_attack05,,Events:,['psap.damage']
Full Path:,vo/items/wheatley_sapper/wheatley_sapper_attack05.mp3,,Scenes:,[]
Transcription:,"Is someone--oh, is someone shooting at us?",,Responses:,[]
Your Line:,,,Rules:,[]
,,,Criteria:,[]

Filename:,wheatley_sapper_attack06,,Events:,['psap.damage']
Full Path:,vo/items/wheatley_sapper/wheatley_sapper_attack06.mp3,,Scenes:,[]
Transcription:,"All right, fun's over! Fun's over! Put me back in the pocket!",,Responses:,[]
Your Line:,,,Rules:,[]
,,,Criteria:,[]

Filename:,wheatley_sapper_attack07,,Events:,['psap.damage']
Full Path:,vo/items/wheatley_sapper/wheatley_sapper_attack07.mp3,,Scenes:,[]
Transcription:,"Seriously, now--put me away. 'Cause I don't want any piece of this.",,Responses:,[]
Your Line:,,,Rules:,[]
,,,Criteria:,[]

Filename:,wheatley_sapper_attack08,,Events:,['psap.damage']
Full Path:,vo/items/wheatley_sapper/wheatley_sapper_attack08.mp3,,Scenes:,[]
Transcription:,"Okay, I definitely heard a gunshot then! This is... Mental. Did no one else hear that?",,Responses:,[]
Your Line:,,,Rules:,[]
,,,Criteria:,[]

Filename:,wheatley_sapper_attack09,,Events:,['psap.damage']
Full Path:,vo/items/wheatley_sapper/wheatley_sapper_attack09.mp3,,Scenes:,[]
Transcription:,"Bloody hell, what've you got me into here, mate?! This is mental!",,Responses:,[]
Your Line:,,,Rules:,[]
,,,Criteria:,[]

Filename:,wheatley_sapper_attack10,,Events:,['psap.damage']
Full Path:,vo/items/wheatley_sapper/wheatley_sapper_attack10.mp3,,Scenes:,[]
Transcription:,Are these--are these live?! Do I actually hear shooting?! Is this live rounds?! Is it live ammunition?!,,Responses:,[]
Your Line:,,,Rules:,[]
,,,Criteria:,[]

Filename:,wheatley_sapper_attack11,,Events:,['psap.damage']
Full Path:,vo/items/wheatley_sapper/wheatley_sapper_attack11.mp3,,Scenes:,[]
Transcription:,Bloody--what have you got me into?!,,Responses:,[]
Your Line:,,,Rules:,[]
,,,Criteria:,[]

Filename:,wheatley_sapper_hacked01,,Events:,['psap.hacked']
Full Path:,vo/items/wheatley_sapper/wheatley_sapper_hacked01.mp3,,Scenes:,[]
Transcription:,Hey! Thank you very much indeed. Thank you.,,Responses:,[]
Your Line:,,,Rules:,[]
,,,Criteria:,[]

Filename:,wheatley_sapper_hacked02,,Events:,['psap.hacked']
Full Path:,vo/items/wheatley_sapper/wheatley_sapper_hacked02.mp3,,Scenes:,[]
Transcription:,Whoa! There we go!,,Responses:,[]
Your Line:,,,Rules:,[]
,,,Criteria:,[]

Filename:,wheatley_sapper_hacked03,,Events:,['psap.hackedfollowup']
Full Path:,vo/items/wheatley_sapper/wheatley_sapper_hacked03.mp3,,Scenes:,[]
Transcription:,"Looking--do you know what? Looking good, if I'm honest. Looking really good.",,Responses:,[]
Your Line:,,,Rules:,[]
,,,Criteria:,[]

Filename:,wheatley_sapper_hacked04,,Events:,['psap.hacked']
Full Path:,vo/items/wheatley_sapper/wheatley_sapper_hacked04.mp3,,Scenes:,[]
Transcription:,There we go!,,Responses:,[]
Your Line:,,,Rules:,[]
,,,Criteria:,[]

Filename:,wheatley_sapper_hacked05,,Events:,['psap.hacked']
Full Path:,vo/items/wheatley_sapper/wheatley_sapper_hacked05.mp3,,Scenes:,[]
Transcription:,Hee hee hee!,,Responses:,[]
Your Line:,,,Rules:,[]
,,,Criteria:,[]

Filename:,wheatley_sapper_hacked06,,Events:,['psap.hacked']
Full Path:,vo/items/wheatley_sapper/wheatley_sapper_hacked06.mp3,,Scenes:,[]
Transcription:,"Oh, brilliant!",,Responses:,[]
Your Line:,,,Rules:,[]
,,,Criteria:,[]

Filename:,wheatley_sapper_hacked07,,Events:,['psap.hacked']
Full Path:,vo/items/wheatley_sapper/wheatley_sapper_hacked07.mp3,,Scenes:,[]
Transcription:,Ha-ha!,,Responses:,[]
Your Line:,,,Rules:,[]
,,,Criteria:,[]

Filename:,wheatley_sapper_hacked08,,Events:,['psap.hacked']
Full Path:,vo/items/wheatley_sapper/wheatley_sapper_hacked08.mp3,,Scenes:,[]
Transcription:,"Oh, well done!",,Responses:,[]
Your Line:,,,Rules:,[]
,,,Criteria:,[]

Filename:,wheatley_sapper_hacked09,,Events:,['psap.hackedfollowup']
Full Path:,vo/items/wheatley_sapper/wheatley_sapper_hacked09.mp3,,Scenes:,[]
Transcription:,"I tell you, this is going much better than I ever expected it would.",,Responses:,[]
Your Line:,,,Rules:,[]
,,,Criteria:,[]

Filename:,wheatley_sapper_hacked10,,Events:,['psap.hacked']
Full Path:,vo/items/wheatley_sapper/wheatley_sapper_hacked10.mp3,,Scenes:,[]
Transcription:,Oh! Brilliant!,,Responses:,[]
Your Line:,,,Rules:,[]
,,,Criteria:,[]

Filename:,wheatley_sapper_hacked11,,Events:,['psap.hackedloud']
Full Path:,vo/items/wheatley_sapper/wheatley_sapper_hacked11.mp3,,Scenes:,[]
Transcription:,Oh! That's--that's amazing.,,Responses:,[]
Your Line:,,,Rules:,[]
,,,Criteria:,[]

Filename:,wheatley_sapper_hacked13,,Events:,['psap.hacked']
Full Path:,vo/items/wheatley_sapper/wheatley_sapper_hacked13.mp3,,Scenes:,[]
Transcription:,Short laugh,,Responses:,[]
Your Line:,,,Rules:,[]
,,,Criteria:,[]

Filename:,wheatley_sapper_hacked14,,Events:,['psap.hacked']
Full Path:,vo/items/wheatley_sapper/wheatley_sapper_hacked14.mp3,,Scenes:,[]
Transcription:,"Ha-ha, this is amazing!",,Responses:,[]
Your Line:,,,Rules:,[]
,,,Criteria:,[]

Filename:,wheatley_sapper_hacked15,,Events:,['psap.hacked']
Full Path:,vo/items/wheatley_sapper/wheatley_sapper_hacked15.mp3,,Scenes:,[]
Transcription:,Short laugh,,Responses:,[]
Your Line:,,,Rules:,[]
,,,Criteria:,[]

Filename:,wheatley_sapper_hacked16,,Events:,['psap.hackedfollowup']
Full Path:,vo/items/wheatley_sapper/wheatley_sapper_hacked16.mp3,,Scenes:,[]
Transcription:,"Oh, this is brilliant.",,Responses:,[]
Your Line:,,,Rules:,[]
,,,Criteria:,[]

Filename:,wheatley_sapper_hacked17,,Events:,['psap.hackedfollowup']
Full Path:,vo/items/wheatley_sapper/wheatley_sapper_hacked17.mp3,,Scenes:,[]
Transcription:,Looking good. Looking good!,,Responses:,[]
Your Line:,,,Rules:,[]
,,,Criteria:,[]

Filename:,wheatley_sapper_hacked18,,Events:,['psap.hackedfollowup']
Full Path:,vo/items/wheatley_sapper/wheatley_sapper_hacked18.mp3,,Scenes:,[]
Transcription:,Act natural. Act natural--we've done nothing wrong.,,Responses:,[]
Your Line:,,,Rules:,[]
,,,Criteria:,[]

Filename:,wheatley_sapper_hacked19,,Events:,['psap.hackedfollowup']
Full Path:,vo/items/wheatley_sapper/wheatley_sapper_hacked19.mp3,,Scenes:,[]
Transcription:,"Act natural--all right? Just--just play it cool, we've done nothing wrong.",,Responses:,[]
Your Line:,,,Rules:,[]
,,,Criteria:,[]

Filename:,wheatley_sapper_hacked20,,Events:,['psap.hackedfollowup']
Full Path:,vo/items/wheatley_sapper/wheatley_sapper_hacked20.mp3,,Scenes:,[]
Transcription:,"Act natural--all right? Just--just play it cool, we've done nothing wrong. Couple of people, going about their business. Just a couple of dudes, doing their thing.",,Responses:,[]
Your Line:,,,Rules:,[]
,,,Criteria:,[]

Filename:,wheatley_sapper_hacked21,,Events:,['psap.hackedfollowup']
Full Path:,vo/items/wheatley_sapper/wheatley_sapper_hacked21.mp3,,Scenes:,[]
Transcription:,Act natural. Act natural--we've done nothing wrong! Play it cool.,,Responses:,[]
Your Line:,,,Rules:,[]
,,,Criteria:,[]

Filename:,wheatley_sapper_hacked22,,Events:,['psap.hackedfollowup']
Full Path:,vo/items/wheatley_sapper/wheatley_sapper_hacked22.mp3,,Scenes:,[]
Transcription:,"Come on, let's go.",,Responses:,[]
Your Line:,,,Rules:,[]
,,,Criteria:,[]

Filename:,wheatley_sapper_hacked23,,Events:,['psap.hackedfollowup']
Full Path:,vo/items/wheatley_sapper/wheatley_sapper_hacked23.mp3,,Scenes:,[]
Transcription:,"Come on, let's go!",,Responses:,[]
Your Line:,,,Rules:,[]
,,,Criteria:,[]

Filename:,wheatley_sapper_hacked24,,Events:,['psap.hacked']
Full Path:,vo/items/wheatley_sapper/wheatley_sapper_hacked24.mp3,,Scenes:,[]
Transcription:,Ta-da! Thank you very much.,,Responses:,[]
Your Line:,,,Rules:,[]
,,,Criteria:,[]

Filename:,wheatley_sapper_hacked25,,Events:,['psap.hacked']
Full Path:,vo/items/wheatley_sapper/wheatley_sapper_hacked25.mp3,,Scenes:,[]
Transcription:,Done! Expertly hacked!,,Responses:,[]
Your Line:,,,Rules:,[]
,,,Criteria:,[]

Filename:,wheatley_sapper_hacked26,,Events:,['psap.hacked']
Full Path:,vo/items/wheatley_sapper/wheatley_sapper_hacked26.mp3,,Scenes:,[]
Transcription:,"There you go! Once again, expertly hacked. Quite technical.",,Responses:,[]
Your Line:,,,Rules:,[]
,,,Criteria:,[]

Filename:,wheatley_sapper_hacked27,,Events:,['psap.hackedloud']
Full Path:,vo/items/wheatley_sapper/wheatley_sapper_hacked27.mp3,,Scenes:,[]
Transcription:,Done! Hacked! Quite complicated.,,Responses:,[]
Your Line:,,,Rules:,[]
,,,Criteria:,[]

Filename:,wheatley_sapper_hacked28,,Events:,['psap.hacked']
Full Path:,vo/items/wheatley_sapper/wheatley_sapper_hacked28.mp3,,Scenes:,[]
Transcription:,"Done! Hacked! Quite complicated; pulled it out of the bag, as usual.",,Responses:,[]
Your Line:,,,Rules:,[]
,,,Criteria:,[]

Filename:,wheatley_sapper_hacked29,,Events:,['psap.hacked']
Full Path:,vo/items/wheatley_sapper/wheatley_sapper_hacked29.mp3,,Scenes:,[]
Transcription:,That should do it!,,Responses:,[]
Your Line:,,,Rules:,[]
,,,Criteria:,[]

Filename:,wheatley_sapper_hacked32,,Events:,['psap.hacked']
Full Path:,vo/items/wheatley_sapper/wheatley_sapper_hacked32.mp3,,Scenes:,[]
Transcription:,Happy laugh,,Responses:,[]
Your Line:,,,Rules:,[]
,,,Criteria:,[]

Filename:,wheatley_sapper_hacked33,,Events:,['psap.hacked']
Full Path:,vo/items/wheatley_sapper/wheatley_sapper_hacked33.mp3,,Scenes:,[]
Transcription:,It worked! Hee hee hee!,,Responses:,[]
Your Line:,,,Rules:,[]
,,,Criteria:,[]

Filename:,wheatley_sapper_hacked34,,Events:,['psap.hacked']
Full Path:,vo/items/wheatley_sapper/wheatley_sapper_hacked34.mp3,,Scenes:,[]
Transcription:,"Oh, it worked! Yes!",,Responses:,[]
Your Line:,,,Rules:,[]
,,,Criteria:,[]

Filename:,wheatley_sapper_hacked35,,Events:,['psap.hacked']
Full Path:,vo/items/wheatley_sapper/wheatley_sapper_hacked35.mp3,,Scenes:,[]
Transcription:,It worked!,,Responses:,[]
Your Line:,,,Rules:,[]
,,,Criteria:,[]

Filename:,wheatley_sapper_hacked37,,Events:,['psap.hacked']
Full Path:,vo/items/wheatley_sapper/wheatley_sapper_hacked37.mp3,,Scenes:,[]
Transcription:,Oh! Huh! Look at that.,,Responses:,[]
Your Line:,,,Rules:,[]
,,,Criteria:,[]

Filename:,wheatley_sapper_hacked38,,Events:,['psap.hackedloud']
Full Path:,vo/items/wheatley_sapper/wheatley_sapper_hacked38.mp3,,Scenes:,[]
Transcription:,Wooooo! Ha-ha! Yes!,,Responses:,[]
Your Line:,,,Rules:,[]
,,,Criteria:,[]

Filename:,wheatley_sapper_hacked40,,Events:,['psap.hackedloud']
Full Path:,vo/items/wheatley_sapper/wheatley_sapper_hacked40.mp3,,Scenes:,[]
Transcription:,Yes!,,Responses:,[]
Your Line:,,,Rules:,[]
,,,Criteria:,[]

Filename:,wheatley_sapper_hacked41,,Events:,['psap.hacked']
Full Path:,vo/items/wheatley_sapper/wheatley_sapper_hacked41.mp3,,Scenes:,[]
Transcription:,"Oh-ho-ho, yes! What about that?! Oh...crumbs! I'm almost speechless.",,Responses:,[]
Your Line:,,,Rules:,[]
,,,Criteria:,[]

Filename:,wheatley_sapper_hacked42,,Events:,['psap.hackedfollowup']
Full Path:,vo/items/wheatley_sapper/wheatley_sapper_hacked42.mp3,,Scenes:,[]
Transcription:,"*laugh* ""That's tremendous.""",,Responses:,[]
Your Line:,,,Rules:,[]
,,,Criteria:,[]

Filename:,wheatley_sapper_hacked43,,Events:,['psap.hacked']
Full Path:,vo/items/wheatley_sapper/wheatley_sapper_hacked43.mp3,,Scenes:,[]
Transcription:,And...there we go.,,Responses:,[]
Your Line:,,,Rules:,[]
,,,Criteria:,[]

Filename:,wheatley_sapper_hacked44,,Events:,['psap.hacked']
Full Path:,vo/items/wheatley_sapper/wheatley_sapper_hacked44.mp3,,Scenes:,[]
Transcription:,And...there we go!,,Responses:,[]
Your Line:,,,Rules:,[]
,,,Criteria:,[]

Filename:,wheatley_sapper_hacked47,,Events:,['psap.hackedloud']
Full Path:,vo/items/wheatley_sapper/wheatley_sapper_hacked47.mp3,,Scenes:,[]
Transcription:,Yes! Yes!! In your face!,,Responses:,[]
Your Line:,,,Rules:,[]
,,,Criteria:,[]

Filename:,wheatley_sapper_hacked48,,Events:,['psap.hackedloud']
Full Path:,vo/items/wheatley_sapper/wheatley_sapper_hacked48.mp3,,Scenes:,[]
Transcription:,Yes! Yes!,,Responses:,[]
Your Line:,,,Rules:,[]
,,,Criteria:,[]

Filename:,wheatley_sapper_hacking02,,Events:,['psap.hacking']
Full Path:,vo/items/wheatley_sapper/wheatley_sapper_hacking02.mp3,,Scenes:,[]
Transcription:,"*typing* *buzz* ""It's gonna be trickier than I thought. Do--uh, we should be making a note of this. Have you got a pen? Make a note of--of what I'm doing.""",,Responses:,[]
Your Line:,,,Rules:,[]
,,,Criteria:,[]

Filename:,wheatley_sapper_hacking03,,Events:,['psap.hackingshort']
Full Path:,vo/items/wheatley_sapper/wheatley_sapper_hacking03.mp3,,Scenes:,[]
Transcription:,"*buzz* ""Buzzer again! I'm--that's surprising. That's...""",,Responses:,[]
Your Line:,,,Rules:,[]
,,,Criteria:,[]

Filename:,wheatley_sapper_hacking04,,Events:,['psap.hackingpw']
Full Path:,vo/items/wheatley_sapper/wheatley_sapper_hacking04.mp3,,Scenes:,[]
Transcription:,"*typing* *buzz* ""Let's think more abstractly. What was your first pet's name? The ca--probably a cat or dog.""",,Responses:,[]
Your Line:,,,Rules:,[]
,,,Criteria:,[]

Filename:,wheatley_sapper_hacking05,,Events:,['psap.hacking']
Full Path:,vo/items/wheatley_sapper/wheatley_sapper_hacking05.mp3,,Scenes:,[]
Transcription:,"*typing* *buzz* ""No! I could've swore that was it! I was rea--I'm surprised. I am surprised at that. Actually.""",,Responses:,[]
Your Line:,,,Rules:,[]
,,,Criteria:,[]

Filename:,wheatley_sapper_hacking06,,Events:,['psap.hackingpw']
Full Path:,vo/items/wheatley_sapper/wheatley_sapper_hacking06.mp3,,Scenes:,[]
Transcription:,"*typing* *buzz* ""Okay, other words. Just think of other words that could be the password.""",,Responses:,[]
Your Line:,,,Rules:,[]
,,,Criteria:,[]

Filename:,wheatley_sapper_hacking07,,Events:,['psap.hacking']
Full Path:,vo/items/wheatley_sapper/wheatley_sapper_hacking07.mp3,,Scenes:,[]
Transcription:,"*typing* ""All right! That should do it!"" *buzz* ""Oh, it hasn't done it. That's... Hmm.""",,Responses:,[]
Your Line:,,,Rules:,[]
,,,Criteria:,[]

Filename:,wheatley_sapper_hacking08,,Events:,['psap.hacking']
Full Path:,vo/items/wheatley_sapper/wheatley_sapper_hacking08.mp3,,Scenes:,[]
Transcription:,"*typing* ""Okay! That should do it; well done! ...Ah, it's not done it--that's...ah, okay.""",,Responses:,[]
Your Line:,,,Rules:,[]
,,,Criteria:,[]

Filename:,wheatley_sapper_hacking09,,Events:,['psap.hacking']
Full Path:,vo/items/wheatley_sapper/wheatley_sapper_hacking09.mp3,,Scenes:,[]
Transcription:,"*typing* ""Okay! That should do it; well done! *buzz* Ah, it's not done it--that's... Ah, okay.""",,Responses:,[]
Your Line:,,,Rules:,[]
,,,Criteria:,[]

Filename:,wheatley_sapper_hacking10,,Events:,['psap.hacking']
Full Path:,vo/items/wheatley_sapper/wheatley_sapper_hacking10.mp3,,Scenes:,[]
Transcription:,"*typing* ""Oh, wait! No, I've got it! I've--"" *buzz* ""No, that won't work. Wait! Oh, I'm a genius! I'm an absolute g--"" *buzz* ""No, I'm not.",,Responses:,[]
Your Line:,,,Rules:,[]
,,,Criteria:,[]

Filename:,wheatley_sapper_hacking11,,Events:,['psap.hacking']
Full Path:,vo/items/wheatley_sapper/wheatley_sapper_hacking11.mp3,,Scenes:,[]
Transcription:,"*typing* *buzz* ""Hmm..."" *stammering* *typing* *buzzers*",,Responses:,[]
Your Line:,,,Rules:,[]
,,,Criteria:,[]

Filename:,wheatley_sapper_hacking12,,Events:,['psap.hacking']
Full Path:,vo/items/wheatley_sapper/wheatley_sapper_hacking12.mp3,,Scenes:,[]
Transcription:,"*stammering* *typing* *buzzers* ""No, I'm--honestly, I'm stumped. I've got no ideas.""",,Responses:,[]
Your Line:,,,Rules:,[]
,,,Criteria:,[]

Filename:,wheatley_sapper_hacking13,,Events:,['psap.hackingshort']
Full Path:,vo/items/wheatley_sapper/wheatley_sapper_hacking13.mp3,,Scenes:,[]
Transcription:,"""Okay, wait--here's a brain wave! Yes! Oh wait, no--I've got it! I've got--"" *buzz* ""No, that won't work.",,Responses:,[]
Your Line:,,,Rules:,[]
,,,Criteria:,[]

Filename:,wheatley_sapper_hacking14,,Events:,['psap.hackingshort']
Full Path:,vo/items/wheatley_sapper/wheatley_sapper_hacking14.mp3,,Scenes:,[]
Transcription:,"*typing* ""Oh! Good news!"" *buzz* ""Never mind.""",,Responses:,[]
Your Line:,,,Rules:,[]
,,,Criteria:,[]

Filename:,wheatley_sapper_hacking15,,Events:,['psap.hackingshort']
Full Path:,vo/items/wheatley_sapper/wheatley_sapper_hacking15.mp3,,Scenes:,[]
Transcription:,"*typing* ""Oh-ho! I've got it--I've got it! *buzz* Never mind.""",,Responses:,[]
Your Line:,,,Rules:,[]
,,,Criteria:,[]

Filename:,wheatley_sapper_hacking16,,Events:,['psap.hacking']
Full Path:,vo/items/wheatley_sapper/wheatley_sapper_hacking16.mp3,,Scenes:,[]
Transcription:,"Oh!"" *typing* ""Here we go! Here it comes! I think this one's gonna be good.",,Responses:,[]
Your Line:,,,Rules:,[]
,,,Criteria:,[]

Filename:,wheatley_sapper_hacking17,,Events:,['psap.hacking']
Full Path:,vo/items/wheatley_sapper/wheatley_sapper_hacking17.mp3,,Scenes:,[]
Transcription:,"*typing* ""All right. Here we go! Don't wanna set it up too much, but I think this one's gonna be good.""",,Responses:,[]
Your Line:,,,Rules:,[]
,,,Criteria:,[]

Filename:,wheatley_sapper_hacking18,,Events:,['psap.hackingpw']
Full Path:,vo/items/wheatley_sapper/wheatley_sapper_hacking18.mp3,,Scenes:,[]
Transcription:,"*typing* ""Oh, what is it? What's it likely to be? What's your mother's maiden name? Probably not gonna be that, is it?""",,Responses:,[]
Your Line:,,,Rules:,[]
,,,Criteria:,[]

Filename:,wheatley_sapper_hacking19,,Events:,['psap.hackingpw']
Full Path:,vo/items/wheatley_sapper/wheatley_sapper_hacking19.mp3,,Scenes:,[]
Transcription:,"*typing* ""What's the name of your first dog? Probably that one. It's a long shot--"" *buzz* ""No. Okay.""",,Responses:,[]
Your Line:,,,Rules:,[]
,,,Criteria:,[]

Filename:,wheatley_sapper_hacking20,,Events:,['psap.hackingshort']
Full Path:,vo/items/wheatley_sapper/wheatley_sapper_hacking20.mp3,,Scenes:,[]
Transcription:,"*typing* *buzz* ""No? Really? That's--all right.""",,Responses:,[]
Your Line:,,,Rules:,[]
,,,Criteria:,[]

Filename:,wheatley_sapper_hacking21,,Events:,['psap.hackingshort']
Full Path:,vo/items/wheatley_sapper/wheatley_sapper_hacking21.mp3,,Scenes:,[]
Transcription:,"*typing* *buzz* ""Oh! That's--I thought that was gonna be it. I'm surprised.""",,Responses:,[]
Your Line:,,,Rules:,[]
,,,Criteria:,[]

Filename:,wheatley_sapper_hacking22,,Events:,['psap.hackingpw']
Full Path:,vo/items/wheatley_sapper/wheatley_sapper_hacking22.mp3,,Scenes:,[]
Transcription:,"Okay, if I had--if I was gonna do a password, do you know what I'd do? Zebra! Zebra! It's gotta be zebra!"" *typing* Z-E-B-R-A. *buzz* ""Not a zebra! That's--I'd have put money on zebra, if I'm honest.",,Responses:,[]
Your Line:,,,Rules:,[]
,,,Criteria:,[]

Filename:,wheatley_sapper_hacking23,,Events:,['psap.hacking']
Full Path:,vo/items/wheatley_sapper/wheatley_sapper_hacking23.mp3,,Scenes:,[]
Transcription:,"*singing* ""Hacking, hacking! Harmless hacking! Not in danger!""",,Responses:,[]
Your Line:,,,Rules:,[]
,,,Criteria:,[]

Filename:,wheatley_sapper_hacking24,,Events:,['psap.hacking']
Full Path:,vo/items/wheatley_sapper/wheatley_sapper_hacking24.mp3,,Scenes:,[]
Transcription:,"*singing* ""Hacking, hacking! Doing a bit of harmless hacking! Not in danger!""",,Responses:,[]
Your Line:,,,Rules:,[]
,,,Criteria:,[]

Filename:,wheatley_sapper_hacking25,,Events:,['psap.hacking']
Full Path:,vo/items/wheatley_sapper/wheatley_sapper_hacking25.mp3,,Scenes:,[]
Transcription:,"*singing* ""Just doing a bit of hacking. Totally safe, nothing to see here! Nothing to worry about!""",,Responses:,[]
Your Line:,,,Rules:,[]
,,,Criteria:,[]

Filename:,wheatley_sapper_hacking26,,Events:,['psap.hacking']
Full Path:,vo/items/wheatley_sapper/wheatley_sapper_hacking26.mp3,,Scenes:,[]
Transcription:,"Oh! I feel sorry for you, mate. About to be another victim of the master hacker.",,Responses:,[]
Your Line:,,,Rules:,[]
,,,Criteria:,[]

Filename:,wheatley_sapper_hacking27,,Events:,['psap.hacking']
Full Path:,vo/items/wheatley_sapper/wheatley_sapper_hacking27.mp3,,Scenes:,[]
Transcription:,"*typing* Ooh! About to be another victim of the master hacker! It's a bit sad, really. To be honest.",,Responses:,[]
Your Line:,,,Rules:,[]
,,,Criteria:,[]

Filename:,wheatley_sapper_hacking28,,Events:,['psap.attached']
Full Path:,vo/items/wheatley_sapper/wheatley_sapper_hacking28.mp3,,Scenes:,[]
Transcription:,"All right, let's have a look at this...",,Responses:,[]
Your Line:,,,Rules:,[]
,,,Criteria:,[]

Filename:,wheatley_sapper_hacking29,,Events:,['psap.hacking']
Full Path:,vo/items/wheatley_sapper/wheatley_sapper_hacking29.mp3,,Scenes:,[]
Transcription:,"Oh, this is interesting--you'll like this. There's a--a green wire in here, big plump one. Tell you what, I'll cut it, we'll see what happens.",,Responses:,[]
Your Line:,,,Rules:,[]
,,,Criteria:,[]

Filename:,wheatley_sapper_hacking30,,Events:,['psap.hacking']
Full Path:,vo/items/wheatley_sapper/wheatley_sapper_hacking30.mp3,,Scenes:,[]
Transcription:,"Ooh, this is complicated. Um--more so, actually, than it looked on the outside. I'll say that.",,Responses:,[]
Your Line:,,,Rules:,[]
,,,Criteria:,[]

Filename:,wheatley_sapper_hacking31,,Events:,['psap.hacking']
Full Path:,vo/items/wheatley_sapper/wheatley_sapper_hacking31.mp3,,Scenes:,[]
Transcription:,"Uh, okay--no need to panic. Um... *stammers* Oh! There's a button! Pressed.",,Responses:,[]
Your Line:,,,Rules:,[]
,,,Criteria:,[]

Filename:,wheatley_sapper_hacking32,,Events:,['psap.hacking']
Full Path:,vo/items/wheatley_sapper/wheatley_sapper_hacking32.mp3,,Scenes:,[]
Transcription:,"Interfacing with sentry control unit."" *typing* ""Hello mate, how's everything going? Good! Good! Yep.",,Responses:,[]
Your Line:,,,Rules:,[]
,,,Criteria:,[]

Filename:,wheatley_sapper_hacking33,,Events:,['psap.hacking']
Full Path:,vo/items/wheatley_sapper/wheatley_sapper_hacking33.mp3,,Scenes:,[]
Transcription:,"Guess how many wires are in one of these things? What's your guess? Five or six? No, I'll tell you what it is: it's actually six million!",,Responses:,[]
Your Line:,,,Rules:,[]
,,,Criteria:,[]

Filename:,wheatley_sapper_hacking34,,Events:,['psap.hacking']
Full Path:,vo/items/wheatley_sapper/wheatley_sapper_hacking34.mp3,,Scenes:,[]
Transcription:,First rule of hacking: look for the green wire! And...mmm. What color would you say that is?,,Responses:,[]
Your Line:,,,Rules:,[]
,,,Criteria:,[]

Filename:,wheatley_sapper_hacking35,,Events:,['psap.hacking']
Full Path:,vo/items/wheatley_sapper/wheatley_sapper_hacking35.mp3,,Scenes:,[]
Transcription:,"First rule of hacking: look for the green wire! Oh...what color would you say that is? It's more of a sort of aqua marine, isn't it?",,Responses:,[]
Your Line:,,,Rules:,[]
,,,Criteria:,[]

Filename:,wheatley_sapper_hacking36,,Events:,['psap.hacking']
Full Path:,vo/items/wheatley_sapper/wheatley_sapper_hacking36.mp3,,Scenes:,[]
Transcription:,"First rule of hacking: look for the green wire! Oh, that's--that's a sort of--that's more like a dark forest green...",,Responses:,[]
Your Line:,,,Rules:,[]
,,,Criteria:,[]

Filename:,wheatley_sapper_hacking37,,Events:,['psap.hacking']
Full Path:,vo/items/wheatley_sapper/wheatley_sapper_hacking37.mp3,,Scenes:,[]
Transcription:,"*typing* *singing* ""Doing some hacking, here I am! Doing a bit of hacking! Probably--I probably shouldn't sing.""",,Responses:,[]
Your Line:,,,Rules:,[]
,,,Criteria:,[]

Filename:,wheatley_sapper_idle02,,Events:,['psap.idle']
Full Path:,vo/items/wheatley_sapper/wheatley_sapper_idle02.mp3,,Scenes:,[]
Transcription:,"*pages turning* ""Hmm."" *pages turning* ""Oh! Oh, sorry. Sorry! Hope that didn't disturb you too much, then. That was--did you hear that noise? Yeah, that was just the sound of...some books. Pages being turned. By me. 'Cause I was reading...the books. *chuckles* You know what it's like, you know? When you get the urge. And--and ability. To read. Suddenly takes you, you're like I've gotta read some books! So that was what I was doing, just reading the old, uh--some of the old bloody classics. Of literature. By uh...Dickens. And uh...um...others. So uh, so I'm not a moron.""",,Responses:,[]
Your Line:,,,Rules:,[]
,,,Criteria:,[]

Filename:,wheatley_sapper_idle03,,Events:,['psap.idle']
Full Path:,vo/items/wheatley_sapper/wheatley_sapper_idle03.mp3,,Scenes:,[]
Transcription:,"*cleaning noises* ""Oh! Sorry! Sorry, sorry! I hope I didn't disturb you too much, then. Um, I was just polishing...my book museum. When it occurred to me that I've read all of the books. Tragic! Speaking as, uh, someone who can literally read. Not bragging, not trying to show off; but uh, but I can read. And uh, yeah! I've just been working my way through all of the classics, really: Pride and Punishment, Brothers Masagiganovnov, Franken's...Dickinson. Um, read all of 'em. So I'm not a moron.""",,Responses:,[]
Your Line:,,,Rules:,[]
,,,Criteria:,[]

Filename:,wheatley_sapper_idle04,,Events:,['psap.idle']
Full Path:,vo/items/wheatley_sapper/wheatley_sapper_idle04.mp3,,Scenes:,[]
Transcription:,"*classical music* ""Oh! Sorry! Sorry, sorry! I hope I didn't disturb you too much, then. Um, I'm listening to some uh, classical music. This one is by, um--what's his name? Wolfgang...uh, Wolfgang Beethoven. Who--my personal favorite, if I'm honest. Um, I just love all the--I just love all the bloody melodies! That he comes up with. Hummable, they are. That's--to me, that is the mark of great music, if you can hum along. And I can, to this one, on all of them. So I'm not a moron.""",,Responses:,[]
Your Line:,,,Rules:,[]
,,,Criteria:,[]

Filename:,wheatley_sapper_idle05,,Events:,['psap.idle']
Full Path:,vo/items/wheatley_sapper/wheatley_sapper_idle05.mp3,,Scenes:,[]
Transcription:,"*pages turning* ""Hmm."" *pages turning* ""Ah! So yeah, finished reading all the books now! All the books ever made. So...good riddance. To that fun, I mean. You know, I love--too much fun, actually. It was--I was getting tired of all the fun. Of reading. Just...ah! What fun! So I'm not a moron.""",,Responses:,[]
Your Line:,,,Rules:,[]
,,,Criteria:,[]

Filename:,wheatley_sapper_idle06,,Events:,['psap.idle']
Full Path:,vo/items/wheatley_sapper/wheatley_sapper_idle06.mp3,,Scenes:,[]
Transcription:,"Looks like you're having fun! At least. Yeah, why not? Have a bit of fun. Enjoy yourself.",,Responses:,[]
Your Line:,,,Rules:,[]
,,,Criteria:,[]

Filename:,wheatley_sapper_idle07,,Events:,['psap.idle']
Full Path:,vo/items/wheatley_sapper/wheatley_sapper_idle07.mp3,,Scenes:,[]
Transcription:,"Let's get a picture!"" *click* *click click* ""Oh!"" *click* ""There you are! Quick picture. That's lovely, very inspirational. Brave!",,Responses:,[]
Your Line:,,,Rules:,[]
,,,Criteria:,[]

Filename:,wheatley_sapper_idle10,,Events:,['psap.idle']
Full Path:,vo/items/wheatley_sapper/wheatley_sapper_idle10.mp3,,Scenes:,[]
Transcription:,"This is a--this is amazing! We can--we can walk wherever we want! Look, just go left. No, go right! Go right! Don't even care, don't even care. Just go wherever you want. Couldn't care less.",,Responses:,[]
Your Line:,,,Rules:,[]
,,,Criteria:,[]

Filename:,wheatley_sapper_idle11,,Events:,['psap.idle']
Full Path:,vo/items/wheatley_sapper/wheatley_sapper_idle11.mp3,,Scenes:,[]
Transcription:,"Just go left. Go left, for a laugh. All right, go right. Having a bit of fun, let's go right. Don't even care, don't even care! Just go somewhere.",,Responses:,[]
Your Line:,,,Rules:,[]
,,,Criteria:,[]

Filename:,wheatley_sapper_idle12,,Events:,['psap.idle']
Full Path:,vo/items/wheatley_sapper/wheatley_sapper_idle12.mp3,,Scenes:,[]
Transcription:,"We can go wherever we want! Just go o--go over there, if you want! Go left, go right! Up to you! Do whatever you fancy. Doesn't matter to me, just go. Just go somewhere.",,Responses:,[]
Your Line:,,,Rules:,[]
,,,Criteria:,[]

Filename:,wheatley_sapper_idle13,,Events:,['psap.idle']
Full Path:,vo/items/wheatley_sapper/wheatley_sapper_idle13.mp3,,Scenes:,[]
Transcription:,"Let me just interject a thought here: I would love to run in the other direction. I don't know what you're feeling. I've been thinking about it, giving it some thought: almost certain death, running in the other direction. That's the one I'm leaning towards. Option B.",,Responses:,[]
Your Line:,,,Rules:,[]
,,,Criteria:,[]

Filename:,wheatley_sapper_idle14,,Events:,['psap.idle']
Full Path:,vo/items/wheatley_sapper/wheatley_sapper_idle14.mp3,,Scenes:,[]
Transcription:,"Let me tell you where I am right now: I am of the view of running away in the other direction. Don't know what you're thinking, but that's my view. At this juncture.",,Responses:,[]
Your Line:,,,Rules:,[]
,,,Criteria:,[]

Filename:,wheatley_sapper_idle15,,Events:,['psap.idle']
Full Path:,vo/items/wheatley_sapper/wheatley_sapper_idle15.mp3,,Scenes:,[]
Transcription:,Do you know what I'm leaning towards? I am leaning towards running away in the other direction. What's your view? I'm very pro that one. At the moment.,,Responses:,[]
Your Line:,,,Rules:,[]
,,,Criteria:,[]

Filename:,wheatley_sapper_idle16,,Events:,['psap.idle']
Full Path:,vo/items/wheatley_sapper/wheatley_sapper_idle16.mp3,,Scenes:,[]
Transcription:,I'm...pretty sure we're going the right way. Pretty sure.,,Responses:,[]
Your Line:,,,Rules:,[]
,,,Criteria:,[]

Filename:,wheatley_sapper_idle17,,Events:,['psap.idle']
Full Path:,vo/items/wheatley_sapper/wheatley_sapper_idle17.mp3,,Scenes:,[]
Transcription:,"I'll be honest, I'm not a hundred percent sure that we're going the right way, but I'm pretty sure. I'll give it--I'll give it sixty-five percent.",,Responses:,[]
Your Line:,,,Rules:,[]
,,,Criteria:,[]

Filename:,wheatley_sapper_idle18,,Events:,['psap.idle']
Full Path:,vo/items/wheatley_sapper/wheatley_sapper_idle18.mp3,,Scenes:,[]
Transcription:,Careful...,,Responses:,[]
Your Line:,,,Rules:,[]
,,,Criteria:,[]

Filename:,wheatley_sapper_idle19,,Events:,['psap.idle']
Full Path:,vo/items/wheatley_sapper/wheatley_sapper_idle19.mp3,,Scenes:,[]
Transcription:,"Careful, now!",,Responses:,[]
Your Line:,,,Rules:,[]
,,,Criteria:,[]

Filename:,wheatley_sapper_idle20,,Events:,['psap.idle']
Full Path:,vo/items/wheatley_sapper/wheatley_sapper_idle20.mp3,,Scenes:,[]
Transcription:,"Oh! Careful, now!",,Responses:,[]
Your Line:,,,Rules:,[]
,,,Criteria:,[]

Filename:,wheatley_sapper_idle21,,Events:,['psap.idle']
Full Path:,vo/items/wheatley_sapper/wheatley_sapper_idle21.mp3,,Scenes:,[]
Transcription:,Careful! Careful!,,Responses:,[]
Your Line:,,,Rules:,[]
,,,Criteria:,[]

Filename:,wheatley_sapper_idle22,,Events:,['psap.idle']
Full Path:,vo/items/wheatley_sapper/wheatley_sapper_idle22.mp3,,Scenes:,[]
Transcription:,Let's keep moving!,,Responses:,[]
Your Line:,,,Rules:,[]
,,,Criteria:,[]

Filename:,wheatley_sapper_idle26,,Events:,['psap.idle']
Full Path:,vo/items/wheatley_sapper/wheatley_sapper_idle26.mp3,,Scenes:,[]
Transcription:,Watch yourself!,,Responses:,[]
Your Line:,,,Rules:,[]
,,,Criteria:,[]

Filename:,wheatley_sapper_idle28,,Events:,['psap.idle']
Full Path:,vo/items/wheatley_sapper/wheatley_sapper_idle28.mp3,,Scenes:,[]
Transcription:,"Aw, bless your little heart! Believe in yourself! Shoot for the stars! Why not? You can be anything you want to be!",,Responses:,[]
Your Line:,,,Rules:,[]
,,,Criteria:,[]

Filename:,wheatley_sapper_idle29,,Events:,['psap.idle']
Full Path:,vo/items/wheatley_sapper/wheatley_sapper_idle29.mp3,,Scenes:,[]
Transcription:,"Oh, just--make sure you keep a tight grip on me. If you would. Poor, fragile little Wheatley. Easily breakable.",,Responses:,[]
Your Line:,,,Rules:,[]
,,,Criteria:,[]

Filename:,wheatley_sapper_idle30,,Events:,['psap.idle']
Full Path:,vo/items/wheatley_sapper/wheatley_sapper_idle30.mp3,,Scenes:,[]
Transcription:,"Just, you know--uh, please do keep a--a tight grip on me. If you would. Just using grip. Classic grip. You know, just grip tightly. That's what I'm saying. 'Cause I'm quite, uh--I'm surprisingly fragile.",,Responses:,[]
Your Line:,,,Rules:,[]
,,,Criteria:,[]

Filename:,wheatley_sapper_idle31,,Events:,['psap.idle']
Full Path:,vo/items/wheatley_sapper/wheatley_sapper_idle31.mp3,,Scenes:,[]
Transcription:,"Oh, close call, that--wasn't it?",,Responses:,[]
Your Line:,,,Rules:,[]
,,,Criteria:,[]

Filename:,wheatley_sapper_idle35,,Events:,['psap.idle']
Full Path:,vo/items/wheatley_sapper/wheatley_sapper_idle35.mp3,,Scenes:,[]
Transcription:,"Um, couldn't help but notice, when I was in your pocket, that you've, uh--you've got a knife. Looked pretty sharp. Could've had--could've had me eye out!",,Responses:,[]
Your Line:,,,Rules:,[]
,,,Criteria:,[]

Filename:,wheatley_sapper_idle36,,Events:,['psap.idleknife02']
Full Path:,vo/items/wheatley_sapper/wheatley_sapper_idle36.mp3,,Scenes:,[]
Transcription:,"Just throwing this out there, um--perhaps skip the hacking entirely. Just go straight to the stabbing! All right? Love a bit of stabbing. Less work for me.",,Responses:,[]
Your Line:,,,Rules:,[]
,,,Criteria:,[]

Filename:,wheatley_sapper_idle37,,Events:,['psap.idleknife03']
Full Path:,vo/items/wheatley_sapper/wheatley_sapper_idle37.mp3,,Scenes:,[]
Transcription:,"Simple solution, stabbing. You know, Occam's razor, if you will. Stabbing with the razor.",,Responses:,[]
Your Line:,,,Rules:,[]
,,,Criteria:,[]

Filename:,wheatley_sapper_idle38,,Events:,['psap.idle']
Full Path:,vo/items/wheatley_sapper/wheatley_sapper_idle38.mp3,,Scenes:,[]
Transcription:,"So this--this thing we'll be hacking. Um, is it--is it harmless? Yeah?",,Responses:,[]
Your Line:,,,Rules:,[]
,,,Criteria:,[]

Filename:,wheatley_sapper_idle40,,Events:,['psap.idleharmless02']
Full Path:,vo/items/wheatley_sapper/wheatley_sapper_idle40.mp3,,Scenes:,[]
Transcription:,"Not that I--you know, not that I couldn't hack something dangerous. Willing to, certainly. Up to a point, obviously. Don't get carried away.",,Responses:,[]
Your Line:,,,Rules:,[]
,,,Criteria:,[]

Filename:,wheatley_sapper_idle41,,Events:,['psap.idle']
Full Path:,vo/items/wheatley_sapper/wheatley_sapper_idle41.mp3,,Scenes:,[]
Transcription:,Computers? Hacked those. Mainframes? Hacked as well. Um...regular frames. All your different kind of frames.,,Responses:,[]
Your Line:,,,Rules:,[]
,,,Criteria:,[]

Filename:,wheatley_sapper_idle42,,Events:,['psap.idlehack02']
Full Path:,vo/items/wheatley_sapper/wheatley_sapper_idle42.mp3,,Scenes:,[]
Transcription:,"Your knife. Hacked that, just now--for a laugh. Probably didn't even see that coming.",,Responses:,[]
Your Line:,,,Rules:,[]
,,,Criteria:,[]

Filename:,wheatley_sapper_idle43,,Events:,['psap.idle']
Full Path:,vo/items/wheatley_sapper/wheatley_sapper_idle43.mp3,,Scenes:,[]
Transcription:,"You gotta keep your eye on me. 'Cause I am, as I said before, a master hacker. Uh, all in good fun, though. You know, it's all harmless fun.",,Responses:,[]
Your Line:,,,Rules:,[]
,,,Criteria:,[]

Filename:,wheatley_sapper_idle44,,Events:,['psap.idle']
Full Path:,vo/items/wheatley_sapper/wheatley_sapper_idle44.mp3,,Scenes:,[]
Transcription:,"We've been walking for...quite some time. Where--where're we going now, by the way?",,Responses:,[]
Your Line:,,,Rules:,[]
,,,Criteria:,[]

Filename:,wheatley_sapper_intro01,,Events:,['psap.idleintro01']
Full Path:,vo/items/wheatley_sapper/wheatley_sapper_intro01.mp3,,Scenes:,[]
Transcription:,"What's going on here, then?",,Responses:,[]
Your Line:,,,Rules:,[]
,,,Criteria:,[]

Filename:,wheatley_sapper_intro02,,Events:,['psap.idleintro02']
Full Path:,vo/items/wheatley_sapper/wheatley_sapper_intro02.mp3,,Scenes:,[]
Transcription:,"Oh, hacking something, are we?",,Responses:,[]
Your Line:,,,Rules:,[]
,,,Criteria:,[]

Filename:,wheatley_sapper_intro03,,Events:,['psap.idleintro02']
Full Path:,vo/items/wheatley_sapper/wheatley_sapper_intro03.mp3,,Scenes:,[]
Transcription:,"Oh, hacking something, are we? Cheeky.",,Responses:,[]
Your Line:,,,Rules:,[]
,,,Criteria:,[]

Filename:,wheatley_sapper_intro04,,Events:,['psap.idleintro03']
Full Path:,vo/items/wheatley_sapper/wheatley_sapper_intro04.mp3,,Scenes:,[]
Transcription:,"Uh, you've come to the right guy.",,Responses:,[]
Your Line:,,,Rules:,[]
,,,Criteria:,[]

Filename:,wheatley_sapper_intro05,,Events:,['psap.idleintro04']
Full Path:,vo/items/wheatley_sapper/wheatley_sapper_intro05.mp3,,Scenes:,[]
Transcription:,Don't wanna brag. Master hacker.,,Responses:,[]
Your Line:,,,Rules:,[]
,,,Criteria:,[]

Filename:,wheatley_sapper_pulledout01,,Events:,['psap.deploy']
Full Path:,vo/items/wheatley_sapper/wheatley_sapper_pulledout01.mp3,,Scenes:,[]
Transcription:,Hello!,,Responses:,[]
Your Line:,,,Rules:,[]
,,,Criteria:,[]

Filename:,wheatley_sapper_pulledout02,,Events:,['psap.deploy']
Full Path:,vo/items/wheatley_sapper/wheatley_sapper_pulledout02.mp3,,Scenes:,[]
Transcription:,Hello!,,Responses:,[]
Your Line:,,,Rules:,[]
,,,Criteria:,[]

Filename:,wheatley_sapper_pulledout03,,Events:,['psap.deploy']
Full Path:,vo/items/wheatley_sapper/wheatley_sapper_pulledout03.mp3,,Scenes:,[]
Transcription:,Hello!,,Responses:,[]
Your Line:,,,Rules:,[]
,,,Criteria:,[]

Filename:,wheatley_sapper_pulledout04,,Events:,['psap.deploy']
Full Path:,vo/items/wheatley_sapper/wheatley_sapper_pulledout04.mp3,,Scenes:,[]
Transcription:,'ello!,,Responses:,[]
Your Line:,,,Rules:,[]
,,,Criteria:,[]

Filename:,wheatley_sapper_pulledout05,,Events:,['psap.deploy']
Full Path:,vo/items/wheatley_sapper/wheatley_sapper_pulledout05.mp3,,Scenes:,[]
Transcription:,Hello!,,Responses:,[]
Your Line:,,,Rules:,[]
,,,Criteria:,[]

Filename:,wheatley_sapper_pulledout06,,Events:,['psap.deploy']
Full Path:,vo/items/wheatley_sapper/wheatley_sapper_pulledout06.mp3,,Scenes:,[]
Transcription:,Hello!,,Responses:,[]
Your Line:,,,Rules:,[]
,,,Criteria:,[]

Filename:,wheatley_sapper_pulledout07,,Events:,['psap.deploy']
Full Path:,vo/items/wheatley_sapper/wheatley_sapper_pulledout07.mp3,,Scenes:,[]
Transcription:,"Hello, friend!",,Responses:,[]
Your Line:,,,Rules:,[]
,,,Criteria:,[]

Filename:,wheatley_sapper_pulledout08,,Events:,['psap.deploy']
Full Path:,vo/items/wheatley_sapper/wheatley_sapper_pulledout08.mp3,,Scenes:,[]
Transcription:,"Oi, oi!",,Responses:,[]
Your Line:,,,Rules:,[]
,,,Criteria:,[]

Filename:,wheatley_sapper_pulledout09,,Events:,['psap.deploy']
Full Path:,vo/items/wheatley_sapper/wheatley_sapper_pulledout09.mp3,,Scenes:,[]
Transcription:,He-hey!,,Responses:,[]
Your Line:,,,Rules:,[]
,,,Criteria:,[]

Filename:,wheatley_sapper_pulledout11,,Events:,['psap.deploy']
Full Path:,vo/items/wheatley_sapper/wheatley_sapper_pulledout11.mp3,,Scenes:,[]
Transcription:,How's it going?,,Responses:,[]
Your Line:,,,Rules:,[]
,,,Criteria:,[]

Filename:,wheatley_sapper_pulledout12,,Events:,['psap.deploy']
Full Path:,vo/items/wheatley_sapper/wheatley_sapper_pulledout12.mp3,,Scenes:,[]
Transcription:,Go team!,,Responses:,[]
Your Line:,,,Rules:,[]
,,,Criteria:,[]

Filename:,wheatley_sapper_pulledout13,,Events:,['psap.deployintro']
Full Path:,vo/items/wheatley_sapper/wheatley_sapper_pulledout13.mp3,,Scenes:,[]
Transcription:,Welcome! Good to see you.,,Responses:,[]
Your Line:,,,Rules:,[]
,,,Criteria:,[]

Filename:,wheatley_sapper_pulledout14,,Events:,['psap.deploy']
Full Path:,vo/items/wheatley_sapper/wheatley_sapper_pulledout14.mp3,,Scenes:,[]
Transcription:,Hello!,,Responses:,[]
Your Line:,,,Rules:,[]
,,,Criteria:,[]

Filename:,wheatley_sapper_pulledout16,,Events:,['psap.deploy']
Full Path:,vo/items/wheatley_sapper/wheatley_sapper_pulledout16.mp3,,Scenes:,[]
Transcription:,Hello!,,Responses:,[]
Your Line:,,,Rules:,[]
,,,Criteria:,[]

Filename:,wheatley_sapper_pulledout18,,Events:,['psap.deploy']
Full Path:,vo/items/wheatley_sapper/wheatley_sapper_pulledout18.mp3,,Scenes:,[]
Transcription:,It's me!,,Responses:,[]
Your Line:,,,Rules:,[]
,,,Criteria:,[]

Filename:,wheatley_sapper_pulledout19,,Events:,['psap.hacked']
Full Path:,vo/items/wheatley_sapper/wheatley_sapper_pulledout19.mp3,,Scenes:,[]
Transcription:,Ta-da!,,Responses:,[]
Your Line:,,,Rules:,[]
,,,Criteria:,[]

Filename:,wheatley_sapper_pulledout20,,Events:,['psap.hacked']
Full Path:,vo/items/wheatley_sapper/wheatley_sapper_pulledout20.mp3,,Scenes:,[]
Transcription:,Bam!,,Responses:,[]
Your Line:,,,Rules:,[]
,,,Criteria:,[]

Filename:,wheatley_sapper_pulledout21,,Events:,['psap.hacked']
Full Path:,vo/items/wheatley_sapper/wheatley_sapper_pulledout21.mp3,,Scenes:,[]
Transcription:,Ta-da!,,Responses:,[]
Your Line:,,,Rules:,[]
,,,Criteria:,[]

Filename:,wheatley_sapper_pulledout22,,Events:,['psap.deploy']
Full Path:,vo/items/wheatley_sapper/wheatley_sapper_pulledout22.mp3,,Scenes:,[]
Transcription:,Hello!,,Responses:,[]
Your Line:,,,Rules:,[]
,,,Criteria:,[]

Filename:,wheatley_sapper_pulledout23,,Events:,['psap.deploy']
Full Path:,vo/items/wheatley_sapper/wheatley_sapper_pulledout23.mp3,,Scenes:,[]
Transcription:,Hello!,,Responses:,[]
Your Line:,,,Rules:,[]
,,,Criteria:,[]

Filename:,wheatley_sapper_pulledout24,,Events:,['psap.deploy']
Full Path:,vo/items/wheatley_sapper/wheatley_sapper_pulledout24.mp3,,Scenes:,[]
Transcription:,How are you?,,Responses:,[]
Your Line:,,,Rules:,[]
,,,Criteria:,[]

Filename:,wheatley_sapper_pulledout25,,Events:,['psap.deploy']
Full Path:,vo/items/wheatley_sapper/wheatley_sapper_pulledout25.mp3,,Scenes:,[]
Transcription:,Hello!,,Responses:,[]
Your Line:,,,Rules:,[]
,,,Criteria:,[]

Filename:,wheatley_sapper_pulledout26,,Events:,['psap.deploy']
Full Path:,vo/items/wheatley_sapper/wheatley_sapper_pulledout26.mp3,,Scenes:,[]
Transcription:,Hello!,,Responses:,[]
Your Line:,,,Rules:,[]
,,,Criteria:,[]

Filename:,wheatley_sapper_pulledout29,,Events:,['psap.deploy']
Full Path:,vo/items/wheatley_sapper/wheatley_sapper_pulledout29.mp3,,Scenes:,[]
Transcription:,Hello!,,Responses:,[]
Your Line:,,,Rules:,[]
,,,Criteria:,[]

Filename:,wheatley_sapper_pulledout36,,Events:,['psap.deployintro']
Full Path:,vo/items/wheatley_sapper/wheatley_sapper_pulledout36.mp3,,Scenes:,[]
Transcription:,Hey! How's it going?,,Responses:,[]
Your Line:,,,Rules:,[]
,,,Criteria:,[]

Filename:,wheatley_sapper_pulledout37,,Events:,['psap.deployintro']
Full Path:,vo/items/wheatley_sapper/wheatley_sapper_pulledout37.mp3,,Scenes:,[]
Transcription:,Hey! Here I am! How's it going?,,Responses:,[]
Your Line:,,,Rules:,[]
,,,Criteria:,[]

Filename:,wheatley_sapper_pulledout38,,Events:,['psap.deployintro']
Full Path:,vo/items/wheatley_sapper/wheatley_sapper_pulledout38.mp3,,Scenes:,[]
Transcription:,"Oi, oi! Partner!",,Responses:,[]
Your Line:,,,Rules:,[]
,,,Criteria:,[]

Filename:,wheatley_sapper_pulledout39,,Events:,['psap.deployintro']
Full Path:,vo/items/wheatley_sapper/wheatley_sapper_pulledout39.mp3,,Scenes:,[]
Transcription:,"Hey, partner! How's it going? All right?",,Responses:,[]
Your Line:,,,Rules:,[]
,,,Criteria:,[]

Filename:,wheatley_sapper_pulledout40,,Events:,['psap.deployintro']
Full Path:,vo/items/wheatley_sapper/wheatley_sapper_pulledout40.mp3,,Scenes:,[]
Transcription:,Hey! Partner! How's it going?,,Responses:,[]
Your Line:,,,Rules:,[]
,,,Criteria:,[]

Filename:,wheatley_sapper_pulledout41,,Events:,['psap.deploy']
Full Path:,vo/items/wheatley_sapper/wheatley_sapper_pulledout41.mp3,,Scenes:,[]
Transcription:,Hello!,,Responses:,[]
Your Line:,,,Rules:,[]
,,,Criteria:,[]

Filename:,wheatley_sapper_pulledout44,,Events:,['psap.deploy']
Full Path:,vo/items/wheatley_sapper/wheatley_sapper_pulledout44.mp3,,Scenes:,[]
Transcription:,Hello!,,Responses:,[]
Your Line:,,,Rules:,[]
,,,Criteria:,[]

Filename:,wheatley_sapper_pulledout46,,Events:,['psap.hacked']
Full Path:,vo/items/wheatley_sapper/wheatley_sapper_pulledout46.mp3,,Scenes:,[]
Transcription:,Yes!,,Responses:,[]
Your Line:,,,Rules:,[]
,,,Criteria:,[]

Filename:,wheatley_sapper_pulledout59,,Events:,['psap.deployintro']
Full Path:,vo/items/wheatley_sapper/wheatley_sapper_pulledout59.mp3,,Scenes:,[]
Transcription:,Ah! Oh! Hello!,,Responses:,[]
Your Line:,,,Rules:,[]
,,,Criteria:,[]

Filename:,wheatley_sapper_pulledout60,,Events:,['psap.deployintro']
Full Path:,vo/items/wheatley_sapper/wheatley_sapper_pulledout60.mp3,,Scenes:,[]
Transcription:,Hello! Good to see you!,,Responses:,[]
Your Line:,,,Rules:,[]
,,,Criteria:,[]

Filename:,wheatley_sapper_pulledout64,,Events:,['psap.deploy']
Full Path:,vo/items/wheatley_sapper/wheatley_sapper_pulledout64.mp3,,Scenes:,[]
Transcription:,Hello!,,Responses:,[]
Your Line:,,,Rules:,[]
,,,Criteria:,[]

Filename:,wheatley_sapper_pulledoutagain03,,Events:,['psap.deployagain']
Full Path:,vo/items/wheatley_sapper/wheatley_sapper_pulledoutagain03.mp3,,Scenes:,[]
Transcription:,Hey! Me again!,,Responses:,[]
Your Line:,,,Rules:,[]
,,,Criteria:,[]

Filename:,wheatley_sapper_pulledoutagain04,,Events:,['psap.deployagain']
Full Path:,vo/items/wheatley_sapper/wheatley_sapper_pulledoutagain04.mp3,,Scenes:,[]
Transcription:,Me again!,,Responses:,[]
Your Line:,,,Rules:,[]
,,,Criteria:,[]

Filename:,wheatley_sapper_pulledoutagain05,,Events:,['psap.deployagain']
Full Path:,vo/items/wheatley_sapper/wheatley_sapper_pulledoutagain05.mp3,,Scenes:,[]
Transcription:,Hello again!,,Responses:,[]
Your Line:,,,Rules:,[]
,,,Criteria:,[]

Filename:,wheatley_sapper_putback01,,Events:,['psap.holster']
Full Path:,vo/items/wheatley_sapper/wheatley_sapper_putback01.mp3,,Scenes:,[]
Transcription:,"Wait, wait! No!",,Responses:,[]
Your Line:,,,Rules:,[]
,,,Criteria:,[]

Filename:,wheatley_sapper_putback02,,Events:,['psap.holster']
Full Path:,vo/items/wheatley_sapper/wheatley_sapper_putback02.mp3,,Scenes:,[]
Transcription:,No no no no no! Wait wait wait wait wait!!,,Responses:,[]
Your Line:,,,Rules:,[]
,,,Criteria:,[]

Filename:,wheatley_sapper_putback03,,Events:,['psap.holster']
Full Path:,vo/items/wheatley_sapper/wheatley_sapper_putback03.mp3,,Scenes:,[]
Transcription:,We'll talk later.,,Responses:,[]
Your Line:,,,Rules:,[]
,,,Criteria:,[]

Filename:,wheatley_sapper_putback04,,Events:,['psap.holster']
Full Path:,vo/items/wheatley_sapper/wheatley_sapper_putback04.mp3,,Scenes:,[]
Transcription:,"Oh, not the pocket!",,Responses:,[]
Your Line:,,,Rules:,[]
,,,Criteria:,[]

Filename:,wheatley_sapper_putback05,,Events:,['psap.holster']
Full Path:,vo/items/wheatley_sapper/wheatley_sapper_putback05.mp3,,Scenes:,[]
Transcription:,Off I go.,,Responses:,[]
Your Line:,,,Rules:,[]
,,,Criteria:,[]

Filename:,wheatley_sapper_putback06,,Events:,['psap.holster']
Full Path:,vo/items/wheatley_sapper/wheatley_sapper_putback06.mp3,,Scenes:,[]
Transcription:,"All right, we'll talk later.",,Responses:,[]
Your Line:,,,Rules:,[]
,,,Criteria:,[]

Filename:,wheatley_sapper_putback07,,Events:,['psap.holster']
Full Path:,vo/items/wheatley_sapper/wheatley_sapper_putback07.mp3,,Scenes:,[]
Transcription:,No no no no no! Don't do that!,,Responses:,[]
Your Line:,,,Rules:,[]
,,,Criteria:,[]

Filename:,wheatley_sapper_putback08,,Events:,['psap.holster']
Full Path:,vo/items/wheatley_sapper/wheatley_sapper_putback08.mp3,,Scenes:,[]
Transcription:,"Oh, you're kidding me!",,Responses:,[]
Your Line:,,,Rules:,[]
,,,Criteria:,[]

Filename:,wheatley_sapper_putback09,,Events:,['psap.holster']
Full Path:,vo/items/wheatley_sapper/wheatley_sapper_putback09.mp3,,Scenes:,[]
Transcription:,Goodbye.,,Responses:,[]
Your Line:,,,Rules:,[]
,,,Criteria:,[]

Filename:,wheatley_sapper_putback10,,Events:,['psap.holster']
Full Path:,vo/items/wheatley_sapper/wheatley_sapper_putback10.mp3,,Scenes:,[]
Transcription:,Hey!,,Responses:,[]
Your Line:,,,Rules:,[]
,,,Criteria:,[]

Filename:,wheatley_sapper_putback12,,Events:,['psap.holsterfast']
Full Path:,vo/items/wheatley_sapper/wheatley_sapper_putback12.mp3,,Scenes:,[]
Transcription:,Okay.,,Responses:,[]
Your Line:,,,Rules:,[]
,,,Criteria:,[]

Filename:,wheatley_sapper_putback15,,Events:,['psap.holster']
Full Path:,vo/items/wheatley_sapper/wheatley_sapper_putback15.mp3,,Scenes:,[]
Transcription:,Fair enough.,,Responses:,[]
Your Line:,,,Rules:,[]
,,,Criteria:,[]

Filename:,wheatley_sapper_putback17,,Events:,['psap.holster']
Full Path:,vo/items/wheatley_sapper/wheatley_sapper_putback17.mp3,,Scenes:,[]
Transcription:,Ugh!,,Responses:,[]
Your Line:,,,Rules:,[]
,,,Criteria:,[]

Filename:,wheatley_sapper_putback20,,Events:,['psap.holster']
Full Path:,vo/items/wheatley_sapper/wheatley_sapper_putback20.mp3,,Scenes:,[]
Transcription:,Cheers!,,Responses:,[]
Your Line:,,,Rules:,[]
,,,Criteria:,[]

Filename:,wheatley_sapper_putback22,,Events:,['psap.holster']
Full Path:,vo/items/wheatley_sapper/wheatley_sapper_putback22.mp3,,Scenes:,[]
Transcription:,Thanks very much.,,Responses:,[]
Your Line:,,,Rules:,[]
,,,Criteria:,[]

Filename:,wheatley_sapper_putback23,,Events:,['psap.holster']
Full Path:,vo/items/wheatley_sapper/wheatley_sapper_putback23.mp3,,Scenes:,[]
Transcription:,See you later.,,Responses:,[]
Your Line:,,,Rules:,[]
,,,Criteria:,[]

Filename:,wheatley_sapper_putback24,,Events:,['psap.holsterfast']
Full Path:,vo/items/wheatley_sapper/wheatley_sapper_putback24.mp3,,Scenes:,[]
Transcription:,Hello and goodbye!,,Responses:,[]
Your Line:,,,Rules:,[]
,,,Criteria:,[]

Filename:,wheatley_sapper_putback26,,Events:,['psap.holster']
Full Path:,vo/items/wheatley_sapper/wheatley_sapper_putback26.mp3,,Scenes:,[]
Transcription:,What?!,,Responses:,[]
Your Line:,,,Rules:,[]
,,,Criteria:,[]

Filename:,wheatley_sapper_putback27,,Events:,['psap.holster']
Full Path:,vo/items/wheatley_sapper/wheatley_sapper_putback27.mp3,,Scenes:,[]
Transcription:,Ugh!,,Responses:,[]
Your Line:,,,Rules:,[]
,,,Criteria:,[]

Filename:,wheatley_sapper_putback37,,Events:,['psap.holster']
Full Path:,vo/items/wheatley_sapper/wheatley_sapper_putback37.mp3,,Scenes:,[]
Transcription:,Good luck.,,Responses:,[]
Your Line:,,,Rules:,[]
,,,Criteria:,[]

Filename:,wheatley_sapper_putback44,,Events:,['psap.holster']
Full Path:,vo/items/wheatley_sapper/wheatley_sapper_putback44.mp3,,Scenes:,[]
Transcription:,Oh!,,Responses:,[]
Your Line:,,,Rules:,[]
,,,Criteria:,[]

Filename:,wheatley_sapper_putback47,,Events:,['psap.holster']
Full Path:,vo/items/wheatley_sapper/wheatley_sapper_putback47.mp3,,Scenes:,[]
Transcription:,"""Oh! No!"" *stammers*",,Responses:,[]
Your Line:,,,Rules:,[]
,,,Criteria:,[]

Filename:,wheatley_sapper_putback48,,Events:,['psap.holster']
Full Path:,vo/items/wheatley_sapper/wheatley_sapper_putback48.mp3,,Scenes:,[]
Transcription:,What?,,Responses:,[]
Your Line:,,,Rules:,[]
,,,Criteria:,[]

Filename:,wheatley_sapper_putback49,,Events:,['psap.holster']
Full Path:,vo/items/wheatley_sapper/wheatley_sapper_putback49.mp3,,Scenes:,[]
Transcription:,"Oh, you--",,Responses:,[]
Your Line:,,,Rules:,[]
,,,Criteria:,[]

Filename:,wheatley_sapper_putback50,,Events:,['psap.holster']
Full Path:,vo/items/wheatley_sapper/wheatley_sapper_putback50.mp3,,Scenes:,[]
Transcription:,Oh!,,Responses:,[]
Your Line:,,,Rules:,[]
,,,Criteria:,[]

Filename:,wheatley_sapper_putback53,,Events:,['psap.idle']
Full Path:,vo/items/wheatley_sapper/wheatley_sapper_putback53.mp3,,Scenes:,[]
Transcription:,"Whoa, whoa, whoa! Hold on! Hold on, what're you doing?",,Responses:,[]
Your Line:,,,Rules:,[]
,,,Criteria:,[]

Filename:,wheatley_sapper_sneak01,,Events:,['psap.sneak']
Full Path:,vo/items/wheatley_sapper/wheatley_sapper_sneak01.mp3,,Scenes:,[]
Transcription:,"Oh, are we--are we sneaking now? Are we? Sorry, I should--should keep my trap shut. Sorry.",,Responses:,[]
Your Line:,,,Rules:,[]
,,,Criteria:,[]

Filename:,wheatley_sapper_sneak02,,Events:,['psap.sneak']
Full Path:,vo/items/wheatley_sapper/wheatley_sapper_sneak02.mp3,,Scenes:,[]
Transcription:,"It's probably worth flagging up, if we're gonna do any sneaking. Just--just quietly, just go sneaking! And then I'll keep qu--I'll keep schtum.",,Responses:,[]
Your Line:,,,Rules:,[]
,,,Criteria:,[]

Filename:,wheatley_sapper_sneak03,,Events:,['psap.sneak']
Full Path:,vo/items/wheatley_sapper/wheatley_sapper_sneak03.mp3,,Scenes:,[]
Transcription:,"Shouldn't we both have...ski masks? 'Cause if this job goes south, I don't wanna--you know, take all the rap.",,Responses:,[]
Your Line:,,,Rules:,[]
,,,Criteria:,[]

Filename:,wheatley_sapper_sneak04,,Events:,['psap.sneak']
Full Path:,vo/items/wheatley_sapper/wheatley_sapper_sneak04.mp3,,Scenes:,[]
Transcription:,"Look at the pair of us, sneaking around. Like a couple of ne'er-do-wells.",,Responses:,[]
Your Line:,,,Rules:,[]
,,,Criteria:,[]

Filename:,wheatley_sapper_sneak05,,Events:,['psap.sneak']
Full Path:,vo/items/wheatley_sapper/wheatley_sapper_sneak05.mp3,,Scenes:,[]
Transcription:,Dashing rogues! The both of us. Like Robin Hood or something! Role playing. Love it. Absolutely love it.,,Responses:,[]
Your Line:,,,Rules:,[]
,,,Criteria:,[]

