Filename:,bailout_01,,Events:,[]
Full Path:,mvm/saxton_hale_dt_2025_1/bailout_01.mp3,,Scenes:,[]
Transcription:,,,Responses:,[]
Your Line:,,,Rules:,[]
Unused?,,,Criteria:,[]

Filename:,bailout_02,,Events:,[]
Full Path:,mvm/saxton_hale_dt_2025_1/bailout_02.mp3,,Scenes:,[]
Transcription:,,,Responses:,[]
Your Line:,,,Rules:,[]
Unused?,,,Criteria:,[]

Filename:,bailout_03,,Events:,[]
Full Path:,mvm/saxton_hale_dt_2025_1/bailout_03.mp3,,Scenes:,[]
Transcription:,,,Responses:,[]
Your Line:,,,Rules:,[]
Unused?,,,Criteria:,[]

Filename:,bailout_04,,Events:,[]
Full Path:,mvm/saxton_hale_dt_2025_1/bailout_04.mp3,,Scenes:,[]
Transcription:,,,Responses:,[]
Your Line:,,,Rules:,[]
Unused?,,,Criteria:,[]

Filename:,bailout_05,,Events:,[]
Full Path:,mvm/saxton_hale_dt_2025_1/bailout_05.mp3,,Scenes:,[]
Transcription:,,,Responses:,[]
Your Line:,,,Rules:,[]
Unused?,,,Criteria:,[]

Filename:,bailout_06,,Events:,[]
Full Path:,mvm/saxton_hale_dt_2025_1/bailout_06.mp3,,Scenes:,[]
Transcription:,,,Responses:,[]
Your Line:,,,Rules:,[]
Unused?,,,Criteria:,[]

Filename:,bailout_07,,Events:,[]
Full Path:,mvm/saxton_hale_dt_2025_1/bailout_07.mp3,,Scenes:,[]
Transcription:,,,Responses:,[]
Your Line:,,,Rules:,[]
Unused?,,,Criteria:,[]

Filename:,bailout_08,,Events:,[]
Full Path:,mvm/saxton_hale_dt_2025_1/bailout_08.mp3,,Scenes:,[]
Transcription:,,,Responses:,[]
Your Line:,,,Rules:,[]
Unused?,,,Criteria:,[]

Filename:,bailout_09,,Events:,[]
Full Path:,mvm/saxton_hale_dt_2025_1/bailout_09.mp3,,Scenes:,[]
Transcription:,,,Responses:,[]
Your Line:,,,Rules:,[]
Unused?,,,Criteria:,[]

Filename:,charge_a_01,,Events:,[]
Full Path:,mvm/saxton_hale_dt_2025_1/charge_a_01.mp3,,Scenes:,[]
Transcription:,,,Responses:,[]
Your Line:,,,Rules:,[]
Unused?,,,Criteria:,[]

Filename:,charge_a_02,,Events:,[]
Full Path:,mvm/saxton_hale_dt_2025_1/charge_a_02.mp3,,Scenes:,[]
Transcription:,,,Responses:,[]
Your Line:,,,Rules:,[]
Unused?,,,Criteria:,[]

Filename:,charge_b_01,,Events:,[]
Full Path:,mvm/saxton_hale_dt_2025_1/charge_b_01.mp3,,Scenes:,[]
Transcription:,,,Responses:,[]
Your Line:,,,Rules:,[]
Unused?,,,Criteria:,[]

Filename:,charge_b_02,,Events:,[]
Full Path:,mvm/saxton_hale_dt_2025_1/charge_b_02.mp3,,Scenes:,[]
Transcription:,,,Responses:,[]
Your Line:,,,Rules:,[]
Unused?,,,Criteria:,[]

Filename:,charge_b_03,,Events:,[]
Full Path:,mvm/saxton_hale_dt_2025_1/charge_b_03.mp3,,Scenes:,[]
Transcription:,,,Responses:,[]
Your Line:,,,Rules:,[]
Unused?,,,Criteria:,[]

Filename:,charge_c_01,,Events:,[]
Full Path:,mvm/saxton_hale_dt_2025_1/charge_c_01.mp3,,Scenes:,[]
Transcription:,,,Responses:,[]
Your Line:,,,Rules:,[]
Unused?,,,Criteria:,[]

Filename:,count1_01,,Events:,[]
Full Path:,mvm/saxton_hale_dt_2025_1/count1_01.mp3,,Scenes:,[]
Transcription:,,,Responses:,[]
Your Line:,,,Rules:,[]
Unused?,,,Criteria:,[]

Filename:,count1_02,,Events:,[]
Full Path:,mvm/saxton_hale_dt_2025_1/count1_02.mp3,,Scenes:,[]
Transcription:,,,Responses:,[]
Your Line:,,,Rules:,[]
Unused?,,,Criteria:,[]

Filename:,count2_01,,Events:,[]
Full Path:,mvm/saxton_hale_dt_2025_1/count2_01.mp3,,Scenes:,[]
Transcription:,,,Responses:,[]
Your Line:,,,Rules:,[]
Unused?,,,Criteria:,[]

Filename:,count2_02,,Events:,[]
Full Path:,mvm/saxton_hale_dt_2025_1/count2_02.mp3,,Scenes:,[]
Transcription:,,,Responses:,[]
Your Line:,,,Rules:,[]
Unused?,,,Criteria:,[]

Filename:,count3_01,,Events:,[]
Full Path:,mvm/saxton_hale_dt_2025_1/count3_01.mp3,,Scenes:,[]
Transcription:,,,Responses:,[]
Your Line:,,,Rules:,[]
Unused?,,,Criteria:,[]

Filename:,count3_02,,Events:,[]
Full Path:,mvm/saxton_hale_dt_2025_1/count3_02.mp3,,Scenes:,[]
Transcription:,,,Responses:,[]
Your Line:,,,Rules:,[]
Unused?,,,Criteria:,[]

Filename:,count4_01,,Events:,[]
Full Path:,mvm/saxton_hale_dt_2025_1/count4_01.mp3,,Scenes:,[]
Transcription:,,,Responses:,[]
Your Line:,,,Rules:,[]
Unused?,,,Criteria:,[]

Filename:,count4_02,,Events:,[]
Full Path:,mvm/saxton_hale_dt_2025_1/count4_02.mp3,,Scenes:,[]
Transcription:,,,Responses:,[]
Your Line:,,,Rules:,[]
Unused?,,,Criteria:,[]

Filename:,count5_01,,Events:,[]
Full Path:,mvm/saxton_hale_dt_2025_1/count5_01.mp3,,Scenes:,[]
Transcription:,,,Responses:,[]
Your Line:,,,Rules:,[]
Unused?,,,Criteria:,[]

Filename:,count5_02,,Events:,[]
Full Path:,mvm/saxton_hale_dt_2025_1/count5_02.mp3,,Scenes:,[]
Transcription:,,,Responses:,[]
Your Line:,,,Rules:,[]
Unused?,,,Criteria:,[]

Filename:,dash_a_01,,Events:,[]
Full Path:,mvm/saxton_hale_dt_2025_1/dash_a_01.mp3,,Scenes:,[]
Transcription:,,,Responses:,[]
Your Line:,,,Rules:,[]
Unused?,,,Criteria:,[]

Filename:,dash_a_02,,Events:,[]
Full Path:,mvm/saxton_hale_dt_2025_1/dash_a_02.mp3,,Scenes:,[]
Transcription:,,,Responses:,[]
Your Line:,,,Rules:,[]
Unused?,,,Criteria:,[]

Filename:,dash_b_01,,Events:,[]
Full Path:,mvm/saxton_hale_dt_2025_1/dash_b_01.mp3,,Scenes:,[]
Transcription:,,,Responses:,[]
Your Line:,,,Rules:,[]
Unused?,,,Criteria:,[]

Filename:,dash_b_02,,Events:,[]
Full Path:,mvm/saxton_hale_dt_2025_1/dash_b_02.mp3,,Scenes:,[]
Transcription:,,,Responses:,[]
Your Line:,,,Rules:,[]
Unused?,,,Criteria:,[]

Filename:,dash_b_03,,Events:,[]
Full Path:,mvm/saxton_hale_dt_2025_1/dash_b_03.mp3,,Scenes:,[]
Transcription:,,,Responses:,[]
Your Line:,,,Rules:,[]
Unused?,,,Criteria:,[]

Filename:,dash_c_01,,Events:,[]
Full Path:,mvm/saxton_hale_dt_2025_1/dash_c_01.mp3,,Scenes:,[]
Transcription:,,,Responses:,[]
Your Line:,,,Rules:,[]
Unused?,,,Criteria:,[]

Filename:,dash_c_02,,Events:,[]
Full Path:,mvm/saxton_hale_dt_2025_1/dash_c_02.mp3,,Scenes:,[]
Transcription:,,,Responses:,[]
Your Line:,,,Rules:,[]
Unused?,,,Criteria:,[]

Filename:,dash_c_03,,Events:,[]
Full Path:,mvm/saxton_hale_dt_2025_1/dash_c_03.mp3,,Scenes:,[]
Transcription:,,,Responses:,[]
Your Line:,,,Rules:,[]
Unused?,,,Criteria:,[]

Filename:,hale_win_01,,Events:,[]
Full Path:,mvm/saxton_hale_dt_2025_1/hale_win_01.mp3,,Scenes:,[]
Transcription:,,,Responses:,[]
Your Line:,,,Rules:,[]
Unused?,,,Criteria:,[]

Filename:,hale_win_02,,Events:,[]
Full Path:,mvm/saxton_hale_dt_2025_1/hale_win_02.mp3,,Scenes:,[]
Transcription:,,,Responses:,[]
Your Line:,,,Rules:,[]
Unused?,,,Criteria:,[]

Filename:,hale_win_03,,Events:,[]
Full Path:,mvm/saxton_hale_dt_2025_1/hale_win_03.mp3,,Scenes:,[]
Transcription:,,,Responses:,[]
Your Line:,,,Rules:,[]
Unused?,,,Criteria:,[]

Filename:,hale_win_04,,Events:,[]
Full Path:,mvm/saxton_hale_dt_2025_1/hale_win_04.mp3,,Scenes:,[]
Transcription:,,,Responses:,[]
Your Line:,,,Rules:,[]
Unused?,,,Criteria:,[]

Filename:,hale_win_05,,Events:,[]
Full Path:,mvm/saxton_hale_dt_2025_1/hale_win_05.mp3,,Scenes:,[]
Transcription:,,,Responses:,[]
Your Line:,,,Rules:,[]
Unused?,,,Criteria:,[]

Filename:,hale_win_06,,Events:,[]
Full Path:,mvm/saxton_hale_dt_2025_1/hale_win_06.mp3,,Scenes:,[]
Transcription:,,,Responses:,[]
Your Line:,,,Rules:,[]
Unused?,,,Criteria:,[]

Filename:,hale_win_07,,Events:,[]
Full Path:,mvm/saxton_hale_dt_2025_1/hale_win_07.mp3,,Scenes:,[]
Transcription:,,,Responses:,[]
Your Line:,,,Rules:,[]
Unused?,,,Criteria:,[]

Filename:,hale_win_08,,Events:,[]
Full Path:,mvm/saxton_hale_dt_2025_1/hale_win_08.mp3,,Scenes:,[]
Transcription:,,,Responses:,[]
Your Line:,,,Rules:,[]
Unused?,,,Criteria:,[]

Filename:,hale_win_09,,Events:,[]
Full Path:,mvm/saxton_hale_dt_2025_1/hale_win_09.mp3,,Scenes:,[]
Transcription:,,,Responses:,[]
Your Line:,,,Rules:,[]
Unused?,,,Criteria:,[]

Filename:,hale_win_10,,Events:,[]
Full Path:,mvm/saxton_hale_dt_2025_1/hale_win_10.mp3,,Scenes:,[]
Transcription:,,,Responses:,[]
Your Line:,,,Rules:,[]
Unused?,,,Criteria:,[]

Filename:,hale_win_11,,Events:,[]
Full Path:,mvm/saxton_hale_dt_2025_1/hale_win_11.mp3,,Scenes:,[]
Transcription:,,,Responses:,[]
Your Line:,,,Rules:,[]
Unused?,,,Criteria:,[]

Filename:,hale_win_12,,Events:,[]
Full Path:,mvm/saxton_hale_dt_2025_1/hale_win_12.mp3,,Scenes:,[]
Transcription:,,,Responses:,[]
Your Line:,,,Rules:,[]
Unused?,,,Criteria:,[]

Filename:,hale_win_13,,Events:,[]
Full Path:,mvm/saxton_hale_dt_2025_1/hale_win_13.mp3,,Scenes:,[]
Transcription:,,,Responses:,[]
Your Line:,,,Rules:,[]
Unused?,,,Criteria:,[]

Filename:,hale_win_14,,Events:,[]
Full Path:,mvm/saxton_hale_dt_2025_1/hale_win_14.mp3,,Scenes:,[]
Transcription:,,,Responses:,[]
Your Line:,,,Rules:,[]
Unused?,,,Criteria:,[]

Filename:,hale_win_15,,Events:,[]
Full Path:,mvm/saxton_hale_dt_2025_1/hale_win_15.mp3,,Scenes:,[]
Transcription:,,,Responses:,[]
Your Line:,,,Rules:,[]
Unused?,,,Criteria:,[]

Filename:,hale_win_16,,Events:,[]
Full Path:,mvm/saxton_hale_dt_2025_1/hale_win_16.mp3,,Scenes:,[]
Transcription:,,,Responses:,[]
Your Line:,,,Rules:,[]
Unused?,,,Criteria:,[]

Filename:,hale_win_17,,Events:,[]
Full Path:,mvm/saxton_hale_dt_2025_1/hale_win_17.mp3,,Scenes:,[]
Transcription:,,,Responses:,[]
Your Line:,,,Rules:,[]
Unused?,,,Criteria:,[]

Filename:,hale_win_18,,Events:,[]
Full Path:,mvm/saxton_hale_dt_2025_1/hale_win_18.mp3,,Scenes:,[]
Transcription:,,,Responses:,[]
Your Line:,,,Rules:,[]
Unused?,,,Criteria:,[]

Filename:,high5_01,,Events:,[]
Full Path:,mvm/saxton_hale_dt_2025_1/high5_01.mp3,,Scenes:,[]
Transcription:,,,Responses:,[]
Your Line:,,,Rules:,[]
Unused?,,,Criteria:,[]

Filename:,jarated_01,,Events:,[]
Full Path:,mvm/saxton_hale_dt_2025_1/jarated_01.mp3,,Scenes:,[]
Transcription:,,,Responses:,[]
Your Line:,,,Rules:,[]
Unused?,,,Criteria:,[]

Filename:,jarated_02,,Events:,[]
Full Path:,mvm/saxton_hale_dt_2025_1/jarated_02.mp3,,Scenes:,[]
Transcription:,,,Responses:,[]
Your Line:,,,Rules:,[]
Unused?,,,Criteria:,[]

Filename:,jarated_03,,Events:,[]
Full Path:,mvm/saxton_hale_dt_2025_1/jarated_03.mp3,,Scenes:,[]
Transcription:,,,Responses:,[]
Your Line:,,,Rules:,[]
Unused?,,,Criteria:,[]

Filename:,jarated_04,,Events:,[]
Full Path:,mvm/saxton_hale_dt_2025_1/jarated_04.mp3,,Scenes:,[]
Transcription:,,,Responses:,[]
Your Line:,,,Rules:,[]
Unused?,,,Criteria:,[]

Filename:,jarated_05,,Events:,[]
Full Path:,mvm/saxton_hale_dt_2025_1/jarated_05.mp3,,Scenes:,[]
Transcription:,,,Responses:,[]
Your Line:,,,Rules:,[]
Unused?,,,Criteria:,[]

Filename:,jump_01,,Events:,[]
Full Path:,mvm/saxton_hale_dt_2025_1/jump_01.mp3,,Scenes:,[]
Transcription:,,,Responses:,[]
Your Line:,,,Rules:,[]
Unused?,,,Criteria:,[]

Filename:,jump_02,,Events:,[]
Full Path:,mvm/saxton_hale_dt_2025_1/jump_02.mp3,,Scenes:,[]
Transcription:,,,Responses:,[]
Your Line:,,,Rules:,[]
Unused?,,,Criteria:,[]

Filename:,jump_03,,Events:,[]
Full Path:,mvm/saxton_hale_dt_2025_1/jump_03.mp3,,Scenes:,[]
Transcription:,,,Responses:,[]
Your Line:,,,Rules:,[]
Unused?,,,Criteria:,[]

Filename:,jump_04,,Events:,[]
Full Path:,mvm/saxton_hale_dt_2025_1/jump_04.mp3,,Scenes:,[]
Transcription:,,,Responses:,[]
Your Line:,,,Rules:,[]
Unused?,,,Criteria:,[]

Filename:,jump_05,,Events:,[]
Full Path:,mvm/saxton_hale_dt_2025_1/jump_05.mp3,,Scenes:,[]
Transcription:,,,Responses:,[]
Your Line:,,,Rules:,[]
Unused?,,,Criteria:,[]

Filename:,jump_06,,Events:,[]
Full Path:,mvm/saxton_hale_dt_2025_1/jump_06.mp3,,Scenes:,[]
Transcription:,,,Responses:,[]
Your Line:,,,Rules:,[]
Unused?,,,Criteria:,[]

Filename:,jump_07,,Events:,[]
Full Path:,mvm/saxton_hale_dt_2025_1/jump_07.mp3,,Scenes:,[]
Transcription:,,,Responses:,[]
Your Line:,,,Rules:,[]
Unused?,,,Criteria:,[]

Filename:,jump_08,,Events:,[]
Full Path:,mvm/saxton_hale_dt_2025_1/jump_08.mp3,,Scenes:,[]
Transcription:,,,Responses:,[]
Your Line:,,,Rules:,[]
Unused?,,,Criteria:,[]

Filename:,jump_09,,Events:,[]
Full Path:,mvm/saxton_hale_dt_2025_1/jump_09.mp3,,Scenes:,[]
Transcription:,,,Responses:,[]
Your Line:,,,Rules:,[]
Unused?,,,Criteria:,[]

Filename:,jump_10,,Events:,[]
Full Path:,mvm/saxton_hale_dt_2025_1/jump_10.mp3,,Scenes:,[]
Transcription:,,,Responses:,[]
Your Line:,,,Rules:,[]
Unused?,,,Criteria:,[]

Filename:,kill_building_01,,Events:,[]
Full Path:,mvm/saxton_hale_dt_2025_1/kill_building_01.mp3,,Scenes:,[]
Transcription:,,,Responses:,[]
Your Line:,,,Rules:,[]
Unused?,,,Criteria:,[]

Filename:,kill_building_02,,Events:,[]
Full Path:,mvm/saxton_hale_dt_2025_1/kill_building_02.mp3,,Scenes:,[]
Transcription:,,,Responses:,[]
Your Line:,,,Rules:,[]
Unused?,,,Criteria:,[]

Filename:,kill_building_03,,Events:,[]
Full Path:,mvm/saxton_hale_dt_2025_1/kill_building_03.mp3,,Scenes:,[]
Transcription:,,,Responses:,[]
Your Line:,,,Rules:,[]
Unused?,,,Criteria:,[]

Filename:,kill_building_04,,Events:,[]
Full Path:,mvm/saxton_hale_dt_2025_1/kill_building_04.mp3,,Scenes:,[]
Transcription:,,,Responses:,[]
Your Line:,,,Rules:,[]
Unused?,,,Criteria:,[]

Filename:,kill_building_05,,Events:,[]
Full Path:,mvm/saxton_hale_dt_2025_1/kill_building_05.mp3,,Scenes:,[]
Transcription:,,,Responses:,[]
Your Line:,,,Rules:,[]
Unused?,,,Criteria:,[]

Filename:,kill_building_06,,Events:,[]
Full Path:,mvm/saxton_hale_dt_2025_1/kill_building_06.mp3,,Scenes:,[]
Transcription:,,,Responses:,[]
Your Line:,,,Rules:,[]
Unused?,,,Criteria:,[]

Filename:,kill_demoman_01,,Events:,[]
Full Path:,mvm/saxton_hale_dt_2025_1/kill_demoman_01.mp3,,Scenes:,[]
Transcription:,,,Responses:,[]
Your Line:,,,Rules:,[]
Unused?,,,Criteria:,[]

Filename:,kill_demoman_02,,Events:,[]
Full Path:,mvm/saxton_hale_dt_2025_1/kill_demoman_02.mp3,,Scenes:,[]
Transcription:,,,Responses:,[]
Your Line:,,,Rules:,[]
Unused?,,,Criteria:,[]

Filename:,kill_dispenser_01,,Events:,[]
Full Path:,mvm/saxton_hale_dt_2025_1/kill_dispenser_01.mp3,,Scenes:,[]
Transcription:,,,Responses:,[]
Your Line:,,,Rules:,[]
Unused?,,,Criteria:,[]

Filename:,kill_engineer_01,,Events:,[]
Full Path:,mvm/saxton_hale_dt_2025_1/kill_engineer_01.mp3,,Scenes:,[]
Transcription:,,,Responses:,[]
Your Line:,,,Rules:,[]
Unused?,,,Criteria:,[]

Filename:,kill_engineer_02,,Events:,[]
Full Path:,mvm/saxton_hale_dt_2025_1/kill_engineer_02.mp3,,Scenes:,[]
Transcription:,,,Responses:,[]
Your Line:,,,Rules:,[]
Unused?,,,Criteria:,[]

Filename:,kill_engineer_03,,Events:,[]
Full Path:,mvm/saxton_hale_dt_2025_1/kill_engineer_03.mp3,,Scenes:,[]
Transcription:,,,Responses:,[]
Your Line:,,,Rules:,[]
Unused?,,,Criteria:,[]

Filename:,kill_engineer_04,,Events:,[]
Full Path:,mvm/saxton_hale_dt_2025_1/kill_engineer_04.mp3,,Scenes:,[]
Transcription:,,,Responses:,[]
Your Line:,,,Rules:,[]
Unused?,,,Criteria:,[]

Filename:,kill_engineer_05,,Events:,[]
Full Path:,mvm/saxton_hale_dt_2025_1/kill_engineer_05.mp3,,Scenes:,[]
Transcription:,,,Responses:,[]
Your Line:,,,Rules:,[]
Unused?,,,Criteria:,[]

Filename:,kill_engineer_06,,Events:,[]
Full Path:,mvm/saxton_hale_dt_2025_1/kill_engineer_06.mp3,,Scenes:,[]
Transcription:,,,Responses:,[]
Your Line:,,,Rules:,[]
Unused?,,,Criteria:,[]

Filename:,kill_generic_01,,Events:,[]
Full Path:,mvm/saxton_hale_dt_2025_1/kill_generic_01.mp3,,Scenes:,[]
Transcription:,,,Responses:,[]
Your Line:,,,Rules:,[]
Unused?,,,Criteria:,[]

Filename:,kill_generic_02,,Events:,[]
Full Path:,mvm/saxton_hale_dt_2025_1/kill_generic_02.mp3,,Scenes:,[]
Transcription:,,,Responses:,[]
Your Line:,,,Rules:,[]
Unused?,,,Criteria:,[]

Filename:,kill_generic_03,,Events:,[]
Full Path:,mvm/saxton_hale_dt_2025_1/kill_generic_03.mp3,,Scenes:,[]
Transcription:,,,Responses:,[]
Your Line:,,,Rules:,[]
Unused?,,,Criteria:,[]

Filename:,kill_generic_04,,Events:,[]
Full Path:,mvm/saxton_hale_dt_2025_1/kill_generic_04.mp3,,Scenes:,[]
Transcription:,,,Responses:,[]
Your Line:,,,Rules:,[]
Unused?,,,Criteria:,[]

Filename:,kill_generic_05,,Events:,[]
Full Path:,mvm/saxton_hale_dt_2025_1/kill_generic_05.mp3,,Scenes:,[]
Transcription:,,,Responses:,[]
Your Line:,,,Rules:,[]
Unused?,,,Criteria:,[]

Filename:,kill_generic_06,,Events:,[]
Full Path:,mvm/saxton_hale_dt_2025_1/kill_generic_06.mp3,,Scenes:,[]
Transcription:,,,Responses:,[]
Your Line:,,,Rules:,[]
Unused?,,,Criteria:,[]

Filename:,kill_generic_07,,Events:,[]
Full Path:,mvm/saxton_hale_dt_2025_1/kill_generic_07.mp3,,Scenes:,[]
Transcription:,,,Responses:,[]
Your Line:,,,Rules:,[]
Unused?,,,Criteria:,[]

Filename:,kill_generic_08,,Events:,[]
Full Path:,mvm/saxton_hale_dt_2025_1/kill_generic_08.mp3,,Scenes:,[]
Transcription:,,,Responses:,[]
Your Line:,,,Rules:,[]
Unused?,,,Criteria:,[]

Filename:,kill_generic_09,,Events:,[]
Full Path:,mvm/saxton_hale_dt_2025_1/kill_generic_09.mp3,,Scenes:,[]
Transcription:,,,Responses:,[]
Your Line:,,,Rules:,[]
Unused?,,,Criteria:,[]

Filename:,kill_generic_10,,Events:,[]
Full Path:,mvm/saxton_hale_dt_2025_1/kill_generic_10.mp3,,Scenes:,[]
Transcription:,,,Responses:,[]
Your Line:,,,Rules:,[]
Unused?,,,Criteria:,[]

Filename:,kill_generic_11,,Events:,[]
Full Path:,mvm/saxton_hale_dt_2025_1/kill_generic_11.mp3,,Scenes:,[]
Transcription:,,,Responses:,[]
Your Line:,,,Rules:,[]
Unused?,,,Criteria:,[]

Filename:,kill_generic_12,,Events:,[]
Full Path:,mvm/saxton_hale_dt_2025_1/kill_generic_12.mp3,,Scenes:,[]
Transcription:,,,Responses:,[]
Your Line:,,,Rules:,[]
Unused?,,,Criteria:,[]

Filename:,kill_generic_13,,Events:,[]
Full Path:,mvm/saxton_hale_dt_2025_1/kill_generic_13.mp3,,Scenes:,[]
Transcription:,,,Responses:,[]
Your Line:,,,Rules:,[]
Unused?,,,Criteria:,[]

Filename:,kill_generic_14,,Events:,[]
Full Path:,mvm/saxton_hale_dt_2025_1/kill_generic_14.mp3,,Scenes:,[]
Transcription:,,,Responses:,[]
Your Line:,,,Rules:,[]
Unused?,,,Criteria:,[]

Filename:,kill_generic_15,,Events:,[]
Full Path:,mvm/saxton_hale_dt_2025_1/kill_generic_15.mp3,,Scenes:,[]
Transcription:,,,Responses:,[]
Your Line:,,,Rules:,[]
Unused?,,,Criteria:,[]

Filename:,kill_generic_16,,Events:,[]
Full Path:,mvm/saxton_hale_dt_2025_1/kill_generic_16.mp3,,Scenes:,[]
Transcription:,,,Responses:,[]
Your Line:,,,Rules:,[]
Unused?,,,Criteria:,[]

Filename:,kill_generic_17,,Events:,[]
Full Path:,mvm/saxton_hale_dt_2025_1/kill_generic_17.mp3,,Scenes:,[]
Transcription:,,,Responses:,[]
Your Line:,,,Rules:,[]
Unused?,,,Criteria:,[]

Filename:,kill_generic_18,,Events:,[]
Full Path:,mvm/saxton_hale_dt_2025_1/kill_generic_18.mp3,,Scenes:,[]
Transcription:,,,Responses:,[]
Your Line:,,,Rules:,[]
Unused?,,,Criteria:,[]

Filename:,kill_generic_19,,Events:,[]
Full Path:,mvm/saxton_hale_dt_2025_1/kill_generic_19.mp3,,Scenes:,[]
Transcription:,,,Responses:,[]
Your Line:,,,Rules:,[]
Unused?,,,Criteria:,[]

Filename:,kill_generic_20,,Events:,[]
Full Path:,mvm/saxton_hale_dt_2025_1/kill_generic_20.mp3,,Scenes:,[]
Transcription:,,,Responses:,[]
Your Line:,,,Rules:,[]
Unused?,,,Criteria:,[]

Filename:,kill_generic_21,,Events:,[]
Full Path:,mvm/saxton_hale_dt_2025_1/kill_generic_21.mp3,,Scenes:,[]
Transcription:,,,Responses:,[]
Your Line:,,,Rules:,[]
Unused?,,,Criteria:,[]

Filename:,kill_generic_22,,Events:,[]
Full Path:,mvm/saxton_hale_dt_2025_1/kill_generic_22.mp3,,Scenes:,[]
Transcription:,,,Responses:,[]
Your Line:,,,Rules:,[]
Unused?,,,Criteria:,[]

Filename:,kill_generic_23,,Events:,[]
Full Path:,mvm/saxton_hale_dt_2025_1/kill_generic_23.mp3,,Scenes:,[]
Transcription:,,,Responses:,[]
Your Line:,,,Rules:,[]
Unused?,,,Criteria:,[]

Filename:,kill_generic_24,,Events:,[]
Full Path:,mvm/saxton_hale_dt_2025_1/kill_generic_24.mp3,,Scenes:,[]
Transcription:,,,Responses:,[]
Your Line:,,,Rules:,[]
Unused?,,,Criteria:,[]

Filename:,kill_generic_25,,Events:,[]
Full Path:,mvm/saxton_hale_dt_2025_1/kill_generic_25.mp3,,Scenes:,[]
Transcription:,,,Responses:,[]
Your Line:,,,Rules:,[]
Unused?,,,Criteria:,[]

Filename:,kill_heavy_01,,Events:,[]
Full Path:,mvm/saxton_hale_dt_2025_1/kill_heavy_01.mp3,,Scenes:,[]
Transcription:,,,Responses:,[]
Your Line:,,,Rules:,[]
Unused?,,,Criteria:,[]

Filename:,kill_heavy_02,,Events:,[]
Full Path:,mvm/saxton_hale_dt_2025_1/kill_heavy_02.mp3,,Scenes:,[]
Transcription:,,,Responses:,[]
Your Line:,,,Rules:,[]
Unused?,,,Criteria:,[]

Filename:,kill_heavy_03,,Events:,[]
Full Path:,mvm/saxton_hale_dt_2025_1/kill_heavy_03.mp3,,Scenes:,[]
Transcription:,,,Responses:,[]
Your Line:,,,Rules:,[]
Unused?,,,Criteria:,[]

Filename:,kill_heavy_04,,Events:,[]
Full Path:,mvm/saxton_hale_dt_2025_1/kill_heavy_04.mp3,,Scenes:,[]
Transcription:,,,Responses:,[]
Your Line:,,,Rules:,[]
Unused?,,,Criteria:,[]

Filename:,kill_medic_01,,Events:,[]
Full Path:,mvm/saxton_hale_dt_2025_1/kill_medic_01.mp3,,Scenes:,[]
Transcription:,,,Responses:,[]
Your Line:,,,Rules:,[]
Unused?,,,Criteria:,[]

Filename:,kill_medic_last_01,,Events:,[]
Full Path:,mvm/saxton_hale_dt_2025_1/kill_medic_last_01.mp3,,Scenes:,[]
Transcription:,,,Responses:,[]
Your Line:,,,Rules:,[]
Unused?,,,Criteria:,[]

Filename:,kill_medic_last_02,,Events:,[]
Full Path:,mvm/saxton_hale_dt_2025_1/kill_medic_last_02.mp3,,Scenes:,[]
Transcription:,,,Responses:,[]
Your Line:,,,Rules:,[]
Unused?,,,Criteria:,[]

Filename:,kill_medic_last_03,,Events:,[]
Full Path:,mvm/saxton_hale_dt_2025_1/kill_medic_last_03.mp3,,Scenes:,[]
Transcription:,,,Responses:,[]
Your Line:,,,Rules:,[]
Unused?,,,Criteria:,[]

Filename:,kill_medic_last_04,,Events:,[]
Full Path:,mvm/saxton_hale_dt_2025_1/kill_medic_last_04.mp3,,Scenes:,[]
Transcription:,,,Responses:,[]
Your Line:,,,Rules:,[]
Unused?,,,Criteria:,[]

Filename:,kill_medic_last_05,,Events:,[]
Full Path:,mvm/saxton_hale_dt_2025_1/kill_medic_last_05.mp3,,Scenes:,[]
Transcription:,,,Responses:,[]
Your Line:,,,Rules:,[]
Unused?,,,Criteria:,[]

Filename:,kill_medic_last_06,,Events:,[]
Full Path:,mvm/saxton_hale_dt_2025_1/kill_medic_last_06.mp3,,Scenes:,[]
Transcription:,,,Responses:,[]
Your Line:,,,Rules:,[]
Unused?,,,Criteria:,[]

Filename:,kill_medic_only_01,,Events:,[]
Full Path:,mvm/saxton_hale_dt_2025_1/kill_medic_only_01.mp3,,Scenes:,[]
Transcription:,,,Responses:,[]
Your Line:,,,Rules:,[]
Unused?,,,Criteria:,[]

Filename:,kill_medic_only_02,,Events:,[]
Full Path:,mvm/saxton_hale_dt_2025_1/kill_medic_only_02.mp3,,Scenes:,[]
Transcription:,,,Responses:,[]
Your Line:,,,Rules:,[]
Unused?,,,Criteria:,[]

Filename:,kill_medic_only_03,,Events:,[]
Full Path:,mvm/saxton_hale_dt_2025_1/kill_medic_only_03.mp3,,Scenes:,[]
Transcription:,,,Responses:,[]
Your Line:,,,Rules:,[]
Unused?,,,Criteria:,[]

Filename:,kill_medic_only_04,,Events:,[]
Full Path:,mvm/saxton_hale_dt_2025_1/kill_medic_only_04.mp3,,Scenes:,[]
Transcription:,,,Responses:,[]
Your Line:,,,Rules:,[]
Unused?,,,Criteria:,[]

Filename:,kill_medic_only_05,,Events:,[]
Full Path:,mvm/saxton_hale_dt_2025_1/kill_medic_only_05.mp3,,Scenes:,[]
Transcription:,,,Responses:,[]
Your Line:,,,Rules:,[]
Unused?,,,Criteria:,[]

Filename:,kill_medic_only_06,,Events:,[]
Full Path:,mvm/saxton_hale_dt_2025_1/kill_medic_only_06.mp3,,Scenes:,[]
Transcription:,,,Responses:,[]
Your Line:,,,Rules:,[]
Unused?,,,Criteria:,[]

Filename:,kill_medic_only_07,,Events:,[]
Full Path:,mvm/saxton_hale_dt_2025_1/kill_medic_only_07.mp3,,Scenes:,[]
Transcription:,,,Responses:,[]
Your Line:,,,Rules:,[]
Unused?,,,Criteria:,[]

Filename:,kill_pyro_01,,Events:,[]
Full Path:,mvm/saxton_hale_dt_2025_1/kill_pyro_01.mp3,,Scenes:,[]
Transcription:,,,Responses:,[]
Your Line:,,,Rules:,[]
Unused?,,,Criteria:,[]

Filename:,kill_pyro_02,,Events:,[]
Full Path:,mvm/saxton_hale_dt_2025_1/kill_pyro_02.mp3,,Scenes:,[]
Transcription:,,,Responses:,[]
Your Line:,,,Rules:,[]
Unused?,,,Criteria:,[]

Filename:,kill_pyro_03,,Events:,[]
Full Path:,mvm/saxton_hale_dt_2025_1/kill_pyro_03.mp3,,Scenes:,[]
Transcription:,,,Responses:,[]
Your Line:,,,Rules:,[]
Unused?,,,Criteria:,[]

Filename:,kill_pyro_04,,Events:,[]
Full Path:,mvm/saxton_hale_dt_2025_1/kill_pyro_04.mp3,,Scenes:,[]
Transcription:,,,Responses:,[]
Your Line:,,,Rules:,[]
Unused?,,,Criteria:,[]

Filename:,kill_pyro_05,,Events:,[]
Full Path:,mvm/saxton_hale_dt_2025_1/kill_pyro_05.mp3,,Scenes:,[]
Transcription:,,,Responses:,[]
Your Line:,,,Rules:,[]
Unused?,,,Criteria:,[]

Filename:,kill_pyro_06,,Events:,[]
Full Path:,mvm/saxton_hale_dt_2025_1/kill_pyro_06.mp3,,Scenes:,[]
Transcription:,,,Responses:,[]
Your Line:,,,Rules:,[]
Unused?,,,Criteria:,[]

Filename:,kill_scout_01,,Events:,[]
Full Path:,mvm/saxton_hale_dt_2025_1/kill_scout_01.mp3,,Scenes:,[]
Transcription:,,,Responses:,[]
Your Line:,,,Rules:,[]
Unused?,,,Criteria:,[]

Filename:,kill_scout_02,,Events:,[]
Full Path:,mvm/saxton_hale_dt_2025_1/kill_scout_02.mp3,,Scenes:,[]
Transcription:,,,Responses:,[]
Your Line:,,,Rules:,[]
Unused?,,,Criteria:,[]

Filename:,kill_sniper_01,,Events:,[]
Full Path:,mvm/saxton_hale_dt_2025_1/kill_sniper_01.mp3,,Scenes:,[]
Transcription:,,,Responses:,[]
Your Line:,,,Rules:,[]
Unused?,,,Criteria:,[]

Filename:,kill_sniper_02,,Events:,[]
Full Path:,mvm/saxton_hale_dt_2025_1/kill_sniper_02.mp3,,Scenes:,[]
Transcription:,,,Responses:,[]
Your Line:,,,Rules:,[]
Unused?,,,Criteria:,[]

Filename:,kill_sniper_03,,Events:,[]
Full Path:,mvm/saxton_hale_dt_2025_1/kill_sniper_03.mp3,,Scenes:,[]
Transcription:,,,Responses:,[]
Your Line:,,,Rules:,[]
Unused?,,,Criteria:,[]

Filename:,kill_soldier_01,,Events:,[]
Full Path:,mvm/saxton_hale_dt_2025_1/kill_soldier_01.mp3,,Scenes:,[]
Transcription:,,,Responses:,[]
Your Line:,,,Rules:,[]
Unused?,,,Criteria:,[]

Filename:,kill_soldier_02,,Events:,[]
Full Path:,mvm/saxton_hale_dt_2025_1/kill_soldier_02.mp3,,Scenes:,[]
Transcription:,,,Responses:,[]
Your Line:,,,Rules:,[]
Unused?,,,Criteria:,[]

Filename:,kill_soldier_03,,Events:,[]
Full Path:,mvm/saxton_hale_dt_2025_1/kill_soldier_03.mp3,,Scenes:,[]
Transcription:,,,Responses:,[]
Your Line:,,,Rules:,[]
Unused?,,,Criteria:,[]

Filename:,kill_spy_01,,Events:,[]
Full Path:,mvm/saxton_hale_dt_2025_1/kill_spy_01.mp3,,Scenes:,[]
Transcription:,,,Responses:,[]
Your Line:,,,Rules:,[]
Unused?,,,Criteria:,[]

Filename:,kill_spy_02,,Events:,[]
Full Path:,mvm/saxton_hale_dt_2025_1/kill_spy_02.mp3,,Scenes:,[]
Transcription:,,,Responses:,[]
Your Line:,,,Rules:,[]
Unused?,,,Criteria:,[]

Filename:,kill_spy_03,,Events:,[]
Full Path:,mvm/saxton_hale_dt_2025_1/kill_spy_03.mp3,,Scenes:,[]
Transcription:,,,Responses:,[]
Your Line:,,,Rules:,[]
Unused?,,,Criteria:,[]

Filename:,kill_spy_04,,Events:,[]
Full Path:,mvm/saxton_hale_dt_2025_1/kill_spy_04.mp3,,Scenes:,[]
Transcription:,,,Responses:,[]
Your Line:,,,Rules:,[]
Unused?,,,Criteria:,[]

Filename:,kill_spy_05,,Events:,[]
Full Path:,mvm/saxton_hale_dt_2025_1/kill_spy_05.mp3,,Scenes:,[]
Transcription:,,,Responses:,[]
Your Line:,,,Rules:,[]
Unused?,,,Criteria:,[]

Filename:,kill_spy_06,,Events:,[]
Full Path:,mvm/saxton_hale_dt_2025_1/kill_spy_06.mp3,,Scenes:,[]
Transcription:,,,Responses:,[]
Your Line:,,,Rules:,[]
Unused?,,,Criteria:,[]

Filename:,kill_spy_dr_01,,Events:,[]
Full Path:,mvm/saxton_hale_dt_2025_1/kill_spy_dr_01.mp3,,Scenes:,[]
Transcription:,,,Responses:,[]
Your Line:,,,Rules:,[]
Unused?,,,Criteria:,[]

Filename:,last_mann_hiding_02,,Events:,[]
Full Path:,mvm/saxton_hale_dt_2025_1/last_mann_hiding_02.mp3,,Scenes:,[]
Transcription:,,,Responses:,[]
Your Line:,,,Rules:,[]
Unused?,,,Criteria:,[]

Filename:,last_mann_hiding_03,,Events:,[]
Full Path:,mvm/saxton_hale_dt_2025_1/last_mann_hiding_03.mp3,,Scenes:,[]
Transcription:,,,Responses:,[]
Your Line:,,,Rules:,[]
Unused?,,,Criteria:,[]

Filename:,last_mann_hiding_04,,Events:,[]
Full Path:,mvm/saxton_hale_dt_2025_1/last_mann_hiding_04.mp3,,Scenes:,[]
Transcription:,,,Responses:,[]
Your Line:,,,Rules:,[]
Unused?,,,Criteria:,[]

Filename:,last_mann_hiding_05,,Events:,[]
Full Path:,mvm/saxton_hale_dt_2025_1/last_mann_hiding_05.mp3,,Scenes:,[]
Transcription:,,,Responses:,[]
Your Line:,,,Rules:,[]
Unused?,,,Criteria:,[]

Filename:,last_mann_hiding_06,,Events:,[]
Full Path:,mvm/saxton_hale_dt_2025_1/last_mann_hiding_06.mp3,,Scenes:,[]
Transcription:,,,Responses:,[]
Your Line:,,,Rules:,[]
Unused?,,,Criteria:,[]

Filename:,last_mann_hiding_07,,Events:,[]
Full Path:,mvm/saxton_hale_dt_2025_1/last_mann_hiding_07.mp3,,Scenes:,[]
Transcription:,,,Responses:,[]
Your Line:,,,Rules:,[]
Unused?,,,Criteria:,[]

Filename:,laugh_01,,Events:,[]
Full Path:,mvm/saxton_hale_dt_2025_1/laugh_01.mp3,,Scenes:,[]
Transcription:,,,Responses:,[]
Your Line:,,,Rules:,[]
Unused?,,,Criteria:,[]

Filename:,mercs_win_01,,Events:,[]
Full Path:,mvm/saxton_hale_dt_2025_1/mercs_win_01.mp3,,Scenes:,[]
Transcription:,,,Responses:,[]
Your Line:,,,Rules:,[]
Unused?,,,Criteria:,[]

Filename:,mercs_win_02,,Events:,[]
Full Path:,mvm/saxton_hale_dt_2025_1/mercs_win_02.mp3,,Scenes:,[]
Transcription:,,,Responses:,[]
Your Line:,,,Rules:,[]
Unused?,,,Criteria:,[]

Filename:,mercs_win_03,,Events:,[]
Full Path:,mvm/saxton_hale_dt_2025_1/mercs_win_03.mp3,,Scenes:,[]
Transcription:,,,Responses:,[]
Your Line:,,,Rules:,[]
Unused?,,,Criteria:,[]

Filename:,mercs_win_kill_01,,Events:,[]
Full Path:,mvm/saxton_hale_dt_2025_1/mercs_win_kill_01.mp3,,Scenes:,[]
Transcription:,,,Responses:,[]
Your Line:,,,Rules:,[]
Unused?,,,Criteria:,[]

Filename:,mercs_win_kill_02,,Events:,[]
Full Path:,mvm/saxton_hale_dt_2025_1/mercs_win_kill_02.mp3,,Scenes:,[]
Transcription:,,,Responses:,[]
Your Line:,,,Rules:,[]
Unused?,,,Criteria:,[]

Filename:,mercs_win_kill_03,,Events:,[]
Full Path:,mvm/saxton_hale_dt_2025_1/mercs_win_kill_03.mp3,,Scenes:,[]
Transcription:,,,Responses:,[]
Your Line:,,,Rules:,[]
Unused?,,,Criteria:,[]

Filename:,mercs_win_kill_04,,Events:,[]
Full Path:,mvm/saxton_hale_dt_2025_1/mercs_win_kill_04.mp3,,Scenes:,[]
Transcription:,,,Responses:,[]
Your Line:,,,Rules:,[]
Unused?,,,Criteria:,[]

Filename:,mercs_win_kill_05,,Events:,[]
Full Path:,mvm/saxton_hale_dt_2025_1/mercs_win_kill_05.mp3,,Scenes:,[]
Transcription:,,,Responses:,[]
Your Line:,,,Rules:,[]
Unused?,,,Criteria:,[]

Filename:,mercs_win_kill_06,,Events:,[]
Full Path:,mvm/saxton_hale_dt_2025_1/mercs_win_kill_06.mp3,,Scenes:,[]
Transcription:,,,Responses:,[]
Your Line:,,,Rules:,[]
Unused?,,,Criteria:,[]

Filename:,mercs_win_kill_07,,Events:,[]
Full Path:,mvm/saxton_hale_dt_2025_1/mercs_win_kill_07.mp3,,Scenes:,[]
Transcription:,,,Responses:,[]
Your Line:,,,Rules:,[]
Unused?,,,Criteria:,[]

Filename:,mercs_win_kill_08,,Events:,[]
Full Path:,mvm/saxton_hale_dt_2025_1/mercs_win_kill_08.mp3,,Scenes:,[]
Transcription:,,,Responses:,[]
Your Line:,,,Rules:,[]
Unused?,,,Criteria:,[]

Filename:,mercs_win_kill_09,,Events:,[]
Full Path:,mvm/saxton_hale_dt_2025_1/mercs_win_kill_09.mp3,,Scenes:,[]
Transcription:,,,Responses:,[]
Your Line:,,,Rules:,[]
Unused?,,,Criteria:,[]

Filename:,mercs_win_kill_10,,Events:,[]
Full Path:,mvm/saxton_hale_dt_2025_1/mercs_win_kill_10.mp3,,Scenes:,[]
Transcription:,,,Responses:,[]
Your Line:,,,Rules:,[]
Unused?,,,Criteria:,[]

Filename:,mercs_win_kill_11,,Events:,[]
Full Path:,mvm/saxton_hale_dt_2025_1/mercs_win_kill_11.mp3,,Scenes:,[]
Transcription:,,,Responses:,[]
Your Line:,,,Rules:,[]
Unused?,,,Criteria:,[]

Filename:,point_enabled_01,,Events:,[]
Full Path:,mvm/saxton_hale_dt_2025_1/point_enabled_01.mp3,,Scenes:,[]
Transcription:,,,Responses:,[]
Your Line:,,,Rules:,[]
Unused?,,,Criteria:,[]

Filename:,point_enabled_02,,Events:,[]
Full Path:,mvm/saxton_hale_dt_2025_1/point_enabled_02.mp3,,Scenes:,[]
Transcription:,,,Responses:,[]
Your Line:,,,Rules:,[]
Unused?,,,Criteria:,[]

Filename:,point_enabled_03,,Events:,[]
Full Path:,mvm/saxton_hale_dt_2025_1/point_enabled_03.mp3,,Scenes:,[]
Transcription:,,,Responses:,[]
Your Line:,,,Rules:,[]
Unused?,,,Criteria:,[]

Filename:,point_enabled_04,,Events:,[]
Full Path:,mvm/saxton_hale_dt_2025_1/point_enabled_04.mp3,,Scenes:,[]
Transcription:,,,Responses:,[]
Your Line:,,,Rules:,[]
Unused?,,,Criteria:,[]

Filename:,point_enabled_05,,Events:,[]
Full Path:,mvm/saxton_hale_dt_2025_1/point_enabled_05.mp3,,Scenes:,[]
Transcription:,,,Responses:,[]
Your Line:,,,Rules:,[]
Unused?,,,Criteria:,[]

Filename:,point_enabled_06,,Events:,[]
Full Path:,mvm/saxton_hale_dt_2025_1/point_enabled_06.mp3,,Scenes:,[]
Transcription:,,,Responses:,[]
Your Line:,,,Rules:,[]
Unused?,,,Criteria:,[]

Filename:,point_enabled_07,,Events:,[]
Full Path:,mvm/saxton_hale_dt_2025_1/point_enabled_07.mp3,,Scenes:,[]
Transcription:,,,Responses:,[]
Your Line:,,,Rules:,[]
Unused?,,,Criteria:,[]

Filename:,point_enabled_09,,Events:,[]
Full Path:,mvm/saxton_hale_dt_2025_1/point_enabled_09.mp3,,Scenes:,[]
Transcription:,,,Responses:,[]
Your Line:,,,Rules:,[]
Unused?,,,Criteria:,[]

Filename:,point_enabled_10,,Events:,[]
Full Path:,mvm/saxton_hale_dt_2025_1/point_enabled_10.mp3,,Scenes:,[]
Transcription:,,,Responses:,[]
Your Line:,,,Rules:,[]
Unused?,,,Criteria:,[]

Filename:,rage_01,,Events:,[]
Full Path:,mvm/saxton_hale_dt_2025_1/rage_01.mp3,,Scenes:,[]
Transcription:,,,Responses:,[]
Your Line:,,,Rules:,[]
Unused?,,,Criteria:,[]

Filename:,rage_02,,Events:,[]
Full Path:,mvm/saxton_hale_dt_2025_1/rage_02.mp3,,Scenes:,[]
Transcription:,,,Responses:,[]
Your Line:,,,Rules:,[]
Unused?,,,Criteria:,[]

Filename:,rage_03,,Events:,[]
Full Path:,mvm/saxton_hale_dt_2025_1/rage_03.mp3,,Scenes:,[]
Transcription:,,,Responses:,[]
Your Line:,,,Rules:,[]
Unused?,,,Criteria:,[]

Filename:,rage_04,,Events:,[]
Full Path:,mvm/saxton_hale_dt_2025_1/rage_04.mp3,,Scenes:,[]
Transcription:,,,Responses:,[]
Your Line:,,,Rules:,[]
Unused?,,,Criteria:,[]

Filename:,rage_05,,Events:,[]
Full Path:,mvm/saxton_hale_dt_2025_1/rage_05.mp3,,Scenes:,[]
Transcription:,,,Responses:,[]
Your Line:,,,Rules:,[]
Unused?,,,Criteria:,[]

Filename:,round_start_01,,Events:,[]
Full Path:,mvm/saxton_hale_dt_2025_1/round_start_01.mp3,,Scenes:,[]
Transcription:,,,Responses:,[]
Your Line:,,,Rules:,[]
Unused?,,,Criteria:,[]

Filename:,round_start_02,,Events:,[]
Full Path:,mvm/saxton_hale_dt_2025_1/round_start_02.mp3,,Scenes:,[]
Transcription:,,,Responses:,[]
Your Line:,,,Rules:,[]
Unused?,,,Criteria:,[]

Filename:,round_start_03,,Events:,[]
Full Path:,mvm/saxton_hale_dt_2025_1/round_start_03.mp3,,Scenes:,[]
Transcription:,,,Responses:,[]
Your Line:,,,Rules:,[]
Unused?,,,Criteria:,[]

Filename:,round_start_04,,Events:,[]
Full Path:,mvm/saxton_hale_dt_2025_1/round_start_04.mp3,,Scenes:,[]
Transcription:,,,Responses:,[]
Your Line:,,,Rules:,[]
Unused?,,,Criteria:,[]

Filename:,round_start_05,,Events:,[]
Full Path:,mvm/saxton_hale_dt_2025_1/round_start_05.mp3,,Scenes:,[]
Transcription:,,,Responses:,[]
Your Line:,,,Rules:,[]
Unused?,,,Criteria:,[]

Filename:,round_start_06,,Events:,[]
Full Path:,mvm/saxton_hale_dt_2025_1/round_start_06.mp3,,Scenes:,[]
Transcription:,,,Responses:,[]
Your Line:,,,Rules:,[]
Unused?,,,Criteria:,[]

Filename:,round_start_07,,Events:,[]
Full Path:,mvm/saxton_hale_dt_2025_1/round_start_07.mp3,,Scenes:,[]
Transcription:,,,Responses:,[]
Your Line:,,,Rules:,[]
Unused?,,,Criteria:,[]

Filename:,round_start_08,,Events:,[]
Full Path:,mvm/saxton_hale_dt_2025_1/round_start_08.mp3,,Scenes:,[]
Transcription:,,,Responses:,[]
Your Line:,,,Rules:,[]
Unused?,,,Criteria:,[]

Filename:,round_start_09,,Events:,[]
Full Path:,mvm/saxton_hale_dt_2025_1/round_start_09.mp3,,Scenes:,[]
Transcription:,,,Responses:,[]
Your Line:,,,Rules:,[]
Unused?,,,Criteria:,[]

Filename:,round_start_10,,Events:,[]
Full Path:,mvm/saxton_hale_dt_2025_1/round_start_10.mp3,,Scenes:,[]
Transcription:,,,Responses:,[]
Your Line:,,,Rules:,[]
Unused?,,,Criteria:,[]

Filename:,round_start_11,,Events:,[]
Full Path:,mvm/saxton_hale_dt_2025_1/round_start_11.mp3,,Scenes:,[]
Transcription:,,,Responses:,[]
Your Line:,,,Rules:,[]
Unused?,,,Criteria:,[]

Filename:,round_start_4saxton_01,,Events:,[]
Full Path:,mvm/saxton_hale_dt_2025_1/round_start_4saxton_01.mp3,,Scenes:,[]
Transcription:,,,Responses:,[]
Your Line:,,,Rules:,[]
Unused?,,,Criteria:,[]

Filename:,round_start_4saxton_02,,Events:,[]
Full Path:,mvm/saxton_hale_dt_2025_1/round_start_4saxton_02.mp3,,Scenes:,[]
Transcription:,,,Responses:,[]
Your Line:,,,Rules:,[]
Unused?,,,Criteria:,[]

Filename:,round_start_4saxton_03,,Events:,[]
Full Path:,mvm/saxton_hale_dt_2025_1/round_start_4saxton_03.mp3,,Scenes:,[]
Transcription:,,,Responses:,[]
Your Line:,,,Rules:,[]
Unused?,,,Criteria:,[]

Filename:,round_start_4saxton_04,,Events:,[]
Full Path:,mvm/saxton_hale_dt_2025_1/round_start_4saxton_04.mp3,,Scenes:,[]
Transcription:,,,Responses:,[]
Your Line:,,,Rules:,[]
Unused?,,,Criteria:,[]

Filename:,round_start_4saxton_05,,Events:,[]
Full Path:,mvm/saxton_hale_dt_2025_1/round_start_4saxton_05.mp3,,Scenes:,[]
Transcription:,,,Responses:,[]
Your Line:,,,Rules:,[]
Unused?,,,Criteria:,[]

Filename:,round_start_after_loss_01,,Events:,[]
Full Path:,mvm/saxton_hale_dt_2025_1/round_start_after_loss_01.mp3,,Scenes:,[]
Transcription:,,,Responses:,[]
Your Line:,,,Rules:,[]
Unused?,,,Criteria:,[]

Filename:,round_start_beer_01,,Events:,[]
Full Path:,mvm/saxton_hale_dt_2025_1/round_start_beer_01.mp3,,Scenes:,[]
Transcription:,,,Responses:,[]
Your Line:,,,Rules:,[]
Unused?,,,Criteria:,[]

Filename:,round_start_beer_02,,Events:,[]
Full Path:,mvm/saxton_hale_dt_2025_1/round_start_beer_02.mp3,,Scenes:,[]
Transcription:,,,Responses:,[]
Your Line:,,,Rules:,[]
Unused?,,,Criteria:,[]

Filename:,round_start_beer_03,,Events:,[]
Full Path:,mvm/saxton_hale_dt_2025_1/round_start_beer_03.mp3,,Scenes:,[]
Transcription:,,,Responses:,[]
Your Line:,,,Rules:,[]
Unused?,,,Criteria:,[]

Filename:,round_start_beer_04,,Events:,[]
Full Path:,mvm/saxton_hale_dt_2025_1/round_start_beer_04.mp3,,Scenes:,[]
Transcription:,,,Responses:,[]
Your Line:,,,Rules:,[]
Unused?,,,Criteria:,[]

Filename:,round_start_long_01,,Events:,[]
Full Path:,mvm/saxton_hale_dt_2025_1/round_start_long_01.mp3,,Scenes:,[]
Transcription:,,,Responses:,[]
Your Line:,,,Rules:,[]
Unused?,,,Criteria:,[]

Filename:,round_start_long_02,,Events:,[]
Full Path:,mvm/saxton_hale_dt_2025_1/round_start_long_02.mp3,,Scenes:,[]
Transcription:,,,Responses:,[]
Your Line:,,,Rules:,[]
Unused?,,,Criteria:,[]

Filename:,round_start_long_03,,Events:,[]
Full Path:,mvm/saxton_hale_dt_2025_1/round_start_long_03.mp3,,Scenes:,[]
Transcription:,,,Responses:,[]
Your Line:,,,Rules:,[]
Unused?,,,Criteria:,[]

Filename:,round_start_long_04,,Events:,[]
Full Path:,mvm/saxton_hale_dt_2025_1/round_start_long_04.mp3,,Scenes:,[]
Transcription:,,,Responses:,[]
Your Line:,,,Rules:,[]
Unused?,,,Criteria:,[]

Filename:,round_start_long_05,,Events:,[]
Full Path:,mvm/saxton_hale_dt_2025_1/round_start_long_05.mp3,,Scenes:,[]
Transcription:,,,Responses:,[]
Your Line:,,,Rules:,[]
Unused?,,,Criteria:,[]

Filename:,rps_1_01,,Events:,[]
Full Path:,mvm/saxton_hale_dt_2025_1/rps_1_01.mp3,,Scenes:,[]
Transcription:,,,Responses:,[]
Your Line:,,,Rules:,[]
Unused?,,,Criteria:,[]

Filename:,rps_1_02,,Events:,[]
Full Path:,mvm/saxton_hale_dt_2025_1/rps_1_02.mp3,,Scenes:,[]
Transcription:,,,Responses:,[]
Your Line:,,,Rules:,[]
Unused?,,,Criteria:,[]

Filename:,rps_2_01,,Events:,[]
Full Path:,mvm/saxton_hale_dt_2025_1/rps_2_01.mp3,,Scenes:,[]
Transcription:,,,Responses:,[]
Your Line:,,,Rules:,[]
Unused?,,,Criteria:,[]

Filename:,rps_2_02,,Events:,[]
Full Path:,mvm/saxton_hale_dt_2025_1/rps_2_02.mp3,,Scenes:,[]
Transcription:,,,Responses:,[]
Your Line:,,,Rules:,[]
Unused?,,,Criteria:,[]

Filename:,rps_3_01,,Events:,[]
Full Path:,mvm/saxton_hale_dt_2025_1/rps_3_01.mp3,,Scenes:,[]
Transcription:,,,Responses:,[]
Your Line:,,,Rules:,[]
Unused?,,,Criteria:,[]

Filename:,rps_3_02,,Events:,[]
Full Path:,mvm/saxton_hale_dt_2025_1/rps_3_02.mp3,,Scenes:,[]
Transcription:,,,Responses:,[]
Your Line:,,,Rules:,[]
Unused?,,,Criteria:,[]

Filename:,rps_init_01,,Events:,[]
Full Path:,mvm/saxton_hale_dt_2025_1/rps_init_01.mp3,,Scenes:,[]
Transcription:,,,Responses:,[]
Your Line:,,,Rules:,[]
Unused?,,,Criteria:,[]

Filename:,rps_init_02,,Events:,[]
Full Path:,mvm/saxton_hale_dt_2025_1/rps_init_02.mp3,,Scenes:,[]
Transcription:,,,Responses:,[]
Your Line:,,,Rules:,[]
Unused?,,,Criteria:,[]

Filename:,rps_init_03,,Events:,[]
Full Path:,mvm/saxton_hale_dt_2025_1/rps_init_03.mp3,,Scenes:,[]
Transcription:,,,Responses:,[]
Your Line:,,,Rules:,[]
Unused?,,,Criteria:,[]

Filename:,rps_init_04,,Events:,[]
Full Path:,mvm/saxton_hale_dt_2025_1/rps_init_04.mp3,,Scenes:,[]
Transcription:,,,Responses:,[]
Your Line:,,,Rules:,[]
Unused?,,,Criteria:,[]

Filename:,rps_init_05,,Events:,[]
Full Path:,mvm/saxton_hale_dt_2025_1/rps_init_05.mp3,,Scenes:,[]
Transcription:,,,Responses:,[]
Your Line:,,,Rules:,[]
Unused?,,,Criteria:,[]

Filename:,rps_init_06,,Events:,[]
Full Path:,mvm/saxton_hale_dt_2025_1/rps_init_06.mp3,,Scenes:,[]
Transcription:,,,Responses:,[]
Your Line:,,,Rules:,[]
Unused?,,,Criteria:,[]

Filename:,rps_init_07,,Events:,[]
Full Path:,mvm/saxton_hale_dt_2025_1/rps_init_07.mp3,,Scenes:,[]
Transcription:,,,Responses:,[]
Your Line:,,,Rules:,[]
Unused?,,,Criteria:,[]

Filename:,rps_init_08,,Events:,[]
Full Path:,mvm/saxton_hale_dt_2025_1/rps_init_08.mp3,,Scenes:,[]
Transcription:,,,Responses:,[]
Your Line:,,,Rules:,[]
Unused?,,,Criteria:,[]

Filename:,rps_lose_01,,Events:,[]
Full Path:,mvm/saxton_hale_dt_2025_1/rps_lose_01.mp3,,Scenes:,[]
Transcription:,,,Responses:,[]
Your Line:,,,Rules:,[]
Unused?,,,Criteria:,[]

Filename:,rps_lose_02,,Events:,[]
Full Path:,mvm/saxton_hale_dt_2025_1/rps_lose_02.mp3,,Scenes:,[]
Transcription:,,,Responses:,[]
Your Line:,,,Rules:,[]
Unused?,,,Criteria:,[]

Filename:,rps_lose_03,,Events:,[]
Full Path:,mvm/saxton_hale_dt_2025_1/rps_lose_03.mp3,,Scenes:,[]
Transcription:,,,Responses:,[]
Your Line:,,,Rules:,[]
Unused?,,,Criteria:,[]

Filename:,rps_lose_04,,Events:,[]
Full Path:,mvm/saxton_hale_dt_2025_1/rps_lose_04.mp3,,Scenes:,[]
Transcription:,,,Responses:,[]
Your Line:,,,Rules:,[]
Unused?,,,Criteria:,[]

Filename:,rps_lose_paper01,,Events:,[]
Full Path:,mvm/saxton_hale_dt_2025_1/rps_lose_paper01.mp3,,Scenes:,[]
Transcription:,,,Responses:,[]
Your Line:,,,Rules:,[]
Unused?,,,Criteria:,[]

Filename:,rps_lose_rock_01,,Events:,[]
Full Path:,mvm/saxton_hale_dt_2025_1/rps_lose_rock_01.mp3,,Scenes:,[]
Transcription:,,,Responses:,[]
Your Line:,,,Rules:,[]
Unused?,,,Criteria:,[]

Filename:,rps_lose_rock_02,,Events:,[]
Full Path:,mvm/saxton_hale_dt_2025_1/rps_lose_rock_02.mp3,,Scenes:,[]
Transcription:,,,Responses:,[]
Your Line:,,,Rules:,[]
Unused?,,,Criteria:,[]

Filename:,rps_lose_scissors_01,,Events:,[]
Full Path:,mvm/saxton_hale_dt_2025_1/rps_lose_scissors_01.mp3,,Scenes:,[]
Transcription:,,,Responses:,[]
Your Line:,,,Rules:,[]
Unused?,,,Criteria:,[]

Filename:,rps_on3_01,,Events:,[]
Full Path:,mvm/saxton_hale_dt_2025_1/rps_on3_01.mp3,,Scenes:,[]
Transcription:,,,Responses:,[]
Your Line:,,,Rules:,[]
Unused?,,,Criteria:,[]

Filename:,rps_win_paper_01,,Events:,[]
Full Path:,mvm/saxton_hale_dt_2025_1/rps_win_paper_01.mp3,,Scenes:,[]
Transcription:,,,Responses:,[]
Your Line:,,,Rules:,[]
Unused?,,,Criteria:,[]

Filename:,rps_win_rock_01,,Events:,[]
Full Path:,mvm/saxton_hale_dt_2025_1/rps_win_rock_01.mp3,,Scenes:,[]
Transcription:,,,Responses:,[]
Your Line:,,,Rules:,[]
Unused?,,,Criteria:,[]

Filename:,rps_win_scissors_01,,Events:,[]
Full Path:,mvm/saxton_hale_dt_2025_1/rps_win_scissors_01.mp3,,Scenes:,[]
Transcription:,,,Responses:,[]
Your Line:,,,Rules:,[]
Unused?,,,Criteria:,[]

Filename:,saxton_punch_01,,Events:,[]
Full Path:,mvm/saxton_hale_dt_2025_1/saxton_punch_01.mp3,,Scenes:,[]
Transcription:,,,Responses:,[]
Your Line:,,,Rules:,[]
Unused?,,,Criteria:,[]

Filename:,saxton_punch_02,,Events:,[]
Full Path:,mvm/saxton_hale_dt_2025_1/saxton_punch_02.mp3,,Scenes:,[]
Transcription:,,,Responses:,[]
Your Line:,,,Rules:,[]
Unused?,,,Criteria:,[]

Filename:,saxton_punch_03,,Events:,[]
Full Path:,mvm/saxton_hale_dt_2025_1/saxton_punch_03.mp3,,Scenes:,[]
Transcription:,,,Responses:,[]
Your Line:,,,Rules:,[]
Unused?,,,Criteria:,[]

Filename:,saxton_punch_04,,Events:,[]
Full Path:,mvm/saxton_hale_dt_2025_1/saxton_punch_04.mp3,,Scenes:,[]
Transcription:,,,Responses:,[]
Your Line:,,,Rules:,[]
Unused?,,,Criteria:,[]

Filename:,saxton_punch_ready_01,,Events:,[]
Full Path:,mvm/saxton_hale_dt_2025_1/saxton_punch_ready_01.mp3,,Scenes:,[]
Transcription:,,,Responses:,[]
Your Line:,,,Rules:,[]
Unused?,,,Criteria:,[]

Filename:,saxton_punch_ready_02,,Events:,[]
Full Path:,mvm/saxton_hale_dt_2025_1/saxton_punch_ready_02.mp3,,Scenes:,[]
Transcription:,,,Responses:,[]
Your Line:,,,Rules:,[]
Unused?,,,Criteria:,[]

Filename:,saxton_punch_ready_03,,Events:,[]
Full Path:,mvm/saxton_hale_dt_2025_1/saxton_punch_ready_03.mp3,,Scenes:,[]
Transcription:,,,Responses:,[]
Your Line:,,,Rules:,[]
Unused?,,,Criteria:,[]

Filename:,saxton_punch_ready_04,,Events:,[]
Full Path:,mvm/saxton_hale_dt_2025_1/saxton_punch_ready_04.mp3,,Scenes:,[]
Transcription:,,,Responses:,[]
Your Line:,,,Rules:,[]
Unused?,,,Criteria:,[]

Filename:,saxton_punch_ready_05,,Events:,[]
Full Path:,mvm/saxton_hale_dt_2025_1/saxton_punch_ready_05.mp3,,Scenes:,[]
Transcription:,,,Responses:,[]
Your Line:,,,Rules:,[]
Unused?,,,Criteria:,[]

Filename:,saxton_punch_ready_06,,Events:,[]
Full Path:,mvm/saxton_hale_dt_2025_1/saxton_punch_ready_06.mp3,,Scenes:,[]
Transcription:,,,Responses:,[]
Your Line:,,,Rules:,[]
Unused?,,,Criteria:,[]

Filename:,stabbed_01,,Events:,[]
Full Path:,mvm/saxton_hale_dt_2025_1/stabbed_01.mp3,,Scenes:,[]
Transcription:,,,Responses:,[]
Your Line:,,,Rules:,[]
Unused?,,,Criteria:,[]

Filename:,stabbed_02,,Events:,[]
Full Path:,mvm/saxton_hale_dt_2025_1/stabbed_02.mp3,,Scenes:,[]
Transcription:,,,Responses:,[]
Your Line:,,,Rules:,[]
Unused?,,,Criteria:,[]

Filename:,stabbed_03,,Events:,[]
Full Path:,mvm/saxton_hale_dt_2025_1/stabbed_03.mp3,,Scenes:,[]
Transcription:,,,Responses:,[]
Your Line:,,,Rules:,[]
Unused?,,,Criteria:,[]

Filename:,stabbed_04,,Events:,[]
Full Path:,mvm/saxton_hale_dt_2025_1/stabbed_04.mp3,,Scenes:,[]
Transcription:,,,Responses:,[]
Your Line:,,,Rules:,[]
Unused?,,,Criteria:,[]

Filename:,stabbed_05,,Events:,[]
Full Path:,mvm/saxton_hale_dt_2025_1/stabbed_05.mp3,,Scenes:,[]
Transcription:,,,Responses:,[]
Your Line:,,,Rules:,[]
Unused?,,,Criteria:,[]

Filename:,stabbed_06,,Events:,[]
Full Path:,mvm/saxton_hale_dt_2025_1/stabbed_06.mp3,,Scenes:,[]
Transcription:,,,Responses:,[]
Your Line:,,,Rules:,[]
Unused?,,,Criteria:,[]

Filename:,stabbed_07,,Events:,[]
Full Path:,mvm/saxton_hale_dt_2025_1/stabbed_07.mp3,,Scenes:,[]
Transcription:,,,Responses:,[]
Your Line:,,,Rules:,[]
Unused?,,,Criteria:,[]

Filename:,stabbed_08,,Events:,[]
Full Path:,mvm/saxton_hale_dt_2025_1/stabbed_08.mp3,,Scenes:,[]
Transcription:,,,Responses:,[]
Your Line:,,,Rules:,[]
Unused?,,,Criteria:,[]

Filename:,stabbed_09,,Events:,[]
Full Path:,mvm/saxton_hale_dt_2025_1/stabbed_09.mp3,,Scenes:,[]
Transcription:,,,Responses:,[]
Your Line:,,,Rules:,[]
Unused?,,,Criteria:,[]

Filename:,stabbed_10,,Events:,[]
Full Path:,mvm/saxton_hale_dt_2025_1/stabbed_10.mp3,,Scenes:,[]
Transcription:,,,Responses:,[]
Your Line:,,,Rules:,[]
Unused?,,,Criteria:,[]

Filename:,stabbed_11,,Events:,[]
Full Path:,mvm/saxton_hale_dt_2025_1/stabbed_11.mp3,,Scenes:,[]
Transcription:,,,Responses:,[]
Your Line:,,,Rules:,[]
Unused?,,,Criteria:,[]

Filename:,demo_above_01,,Events:,[]
Full Path:,vo/mercs_dt_2025_1/demo_above_01.mp3,,Scenes:,[]
Transcription:,Above ya!,,Responses:,[]
Your Line:,,,Rules:,[]
Unused?,,,Criteria:,[]

Filename:,demo_above_02,,Events:,[]
Full Path:,vo/mercs_dt_2025_1/demo_above_02.mp3,,Scenes:,[]
Transcription:,"Above you, lad!",,Responses:,[]
Your Line:,,,Rules:,[]
Unused?,,,Criteria:,[]

Filename:,demo_above_03,,Events:,[]
Full Path:,vo/mercs_dt_2025_1/demo_above_03.mp3,,Scenes:,[]
Transcription:,"Look up, ya dummy!",,Responses:,[]
Your Line:,,,Rules:,[]
Unused?,,,Criteria:,[]

Filename:,demo_above_04,,Events:,[]
Full Path:,vo/mercs_dt_2025_1/demo_above_04.mp3,,Scenes:,[]
Transcription:,"Look up! It's a bird, um, it's a plane? Oh, that's Saxton.",,Responses:,[]
Your Line:,,,Rules:,[]
Unused?,,,Criteria:,[]

Filename:,demo_above_05,,Events:,[]
Full Path:,vo/mercs_dt_2025_1/demo_above_05.mp3,,Scenes:,[]
Transcription:,"Aye, look up, ya dummy!",,Responses:,[]
Your Line:,,,Rules:,[]
Unused?,,,Criteria:,[]

Filename:,demo_behind_01,,Events:,[]
Full Path:,vo/mercs_dt_2025_1/demo_behind_01.mp3,,Scenes:,[]
Transcription:,"Look out behind ya, lad!",,Responses:,[]
Your Line:,,,Rules:,[]
Unused?,,,Criteria:,[]

Filename:,demo_behind_02,,Events:,[]
Full Path:,vo/mercs_dt_2025_1/demo_behind_02.mp3,,Scenes:,[]
Transcription:,"If you don't turn around, ya gonna be mincemeat!",,Responses:,[]
Your Line:,,,Rules:,[]
Unused?,,,Criteria:,[]

Filename:,demo_contact_01,,Events:,[]
Full Path:,vo/mercs_dt_2025_1/demo_contact_01.mp3,,Scenes:,[]
Transcription:,He's over there!,,Responses:,[]
Your Line:,,,Rules:,[]
Unused?,,,Criteria:,[]

Filename:,demo_medicdead_01,,Events:,[]
Full Path:,vo/mercs_dt_2025_1/demo_medicdead_01.mp3,,Scenes:,[]
Transcription:,Bloody Hell! He killed our Medic!,,Responses:,[]
Your Line:,,,Rules:,[]
Unused?,,,Criteria:,[]

Filename:,demo_medicdead_02,,Events:,[]
Full Path:,vo/mercs_dt_2025_1/demo_medicdead_02.mp3,,Scenes:,[]
Transcription:,"MEDIC! Ach, he's gone!",,Responses:,[]
Your Line:,,,Rules:,[]
Unused?,,,Criteria:,[]

Filename:,demo_medicdead_03,,Events:,[]
Full Path:,vo/mercs_dt_2025_1/demo_medicdead_03.mp3,,Scenes:,[]
Transcription:,The bloody Medic is dead!,,Responses:,[]
Your Line:,,,Rules:,[]
Unused?,,,Criteria:,[]

Filename:,demo_nomedic_01,,Events:,[]
Full Path:,vo/mercs_dt_2025_1/demo_nomedic_01.mp3,,Scenes:,[]
Transcription:,"We have nooo Medic, lads!",,Responses:,[]
Your Line:,,,Rules:,[]
Unused?,,,Criteria:,[]

Filename:,demo_nomedic_02,,Events:,[]
Full Path:,vo/mercs_dt_2025_1/demo_nomedic_02.mp3,,Scenes:,[]
Transcription:,Aye! Did we misplace our Medic or something?,,Responses:,[]
Your Line:,,,Rules:,[]
Unused?,,,Criteria:,[]

Filename:,demo_nomedic_03,,Events:,[]
Full Path:,vo/mercs_dt_2025_1/demo_nomedic_03.mp3,,Scenes:,[]
Transcription:,"We have no Medic, lads!",,Responses:,[]
Your Line:,,,Rules:,[]
Unused?,,,Criteria:,[]

Filename:,demo_nomedic_04,,Events:,[]
Full Path:,vo/mercs_dt_2025_1/demo_nomedic_04.mp3,,Scenes:,[]
Transcription:,"We have no Medic, lads!",,Responses:,[]
Your Line:,,,Rules:,[]
Unused?,,,Criteria:,[]

Filename:,demo_nomedic_05,,Events:,[]
Full Path:,vo/mercs_dt_2025_1/demo_nomedic_05.mp3,,Scenes:,[]
Transcription:,"Uhh, did we forget to bring Medic?",,Responses:,[]
Your Line:,,,Rules:,[]
Unused?,,,Criteria:,[]

Filename:,demo_shield_01,,Events:,[]
Full Path:,vo/mercs_dt_2025_1/demo_shield_01.mp3,,Scenes:,[]
Transcription:,Ach! Me shield!,,Responses:,[]
Your Line:,,,Rules:,[]
Unused?,,,Criteria:,[]

Filename:,demo_shield_02,,Events:,[]
Full Path:,vo/mercs_dt_2025_1/demo_shield_02.mp3,,Scenes:,[]
Transcription:,He broke me shield!,,Responses:,[]
Your Line:,,,Rules:,[]
Unused?,,,Criteria:,[]

Filename:,demo_shield_03,,Events:,[]
Full Path:,vo/mercs_dt_2025_1/demo_shield_03.mp3,,Scenes:,[]
Transcription:,He broke me shield!,,Responses:,[]
Your Line:,,,Rules:,[]
Unused?,,,Criteria:,[]

Filename:,demo_shield_04,,Events:,[]
Full Path:,vo/mercs_dt_2025_1/demo_shield_04.mp3,,Scenes:,[]
Transcription:,HE BROKE ME SHIELD! KILL HIM!,,Responses:,[]
Your Line:,,,Rules:,[]
Unused?,,,Criteria:,[]

Filename:,demo_shield_lowhp_01,,Events:,[]
Full Path:,vo/mercs_dt_2025_1/demo_shield_lowhp_01.mp3,,Scenes:,[]
Transcription:,"Ach, almost got me!",,Responses:,[]
Your Line:,,,Rules:,[]
Unused?,,,Criteria:,[]

Filename:,demo_shield_lowhp_02,,Events:,[]
Full Path:,vo/mercs_dt_2025_1/demo_shield_lowhp_02.mp3,,Scenes:,[]
Transcription:,"Whoa, almost got me!",,Responses:,[]
Your Line:,,,Rules:,[]
Unused?,,,Criteria:,[]

Filename:,demo_special_01,,Events:,[]
Full Path:,vo/mercs_dt_2025_1/demo_special_01.mp3,,Scenes:,[]
Transcription:,Where are these bloody heads coming from?,,Responses:,[]
Your Line:,,,Rules:,[]
Unused?,,,Criteria:,[]

Filename:,demo_sticky_trap_01,,Events:,[]
Full Path:,vo/mercs_dt_2025_1/demo_sticky_trap_01.mp3,,Scenes:,[]
Transcription:,"Oh, Saxton's gonna like this!",,Responses:,[]
Your Line:,,,Rules:,[]
Unused?,,,Criteria:,[]

Filename:,demo_sticky_trap_02,,Events:,[]
Full Path:,vo/mercs_dt_2025_1/demo_sticky_trap_02.mp3,,Scenes:,[]
Transcription:,I hope Mr. Hale loves explosives!,,Responses:,[]
Your Line:,,,Rules:,[]
Unused?,,,Criteria:,[]

Filename:,demo_sticky_trap_03,,Events:,[]
Full Path:,vo/mercs_dt_2025_1/demo_sticky_trap_03.mp3,,Scenes:,[]
Transcription:,"Nehehe, Hale's gonna love this!",,Responses:,[]
Your Line:,,,Rules:,[]
Unused?,,,Criteria:,[]

Filename:,demo_sticky_trap_04,,Events:,[]
Full Path:,vo/mercs_dt_2025_1/demo_sticky_trap_04.mp3,,Scenes:,[]
Transcription:,Ah hahahaha! Hale's gonna like this!,,Responses:,[]
Your Line:,,,Rules:,[]
Unused?,,,Criteria:,[]

Filename:,demo_wall_climb_01,,Events:,[]
Full Path:,vo/mercs_dt_2025_1/demo_wall_climb_01.mp3,,Scenes:,[]
Transcription:,Wall climbing!,,Responses:,[]
Your Line:,,,Rules:,[]
Unused?,,,Criteria:,[]

Filename:,demo_wall_climb_02,,Events:,[]
Full Path:,vo/mercs_dt_2025_1/demo_wall_climb_02.mp3,,Scenes:,[]
Transcription:,"Wall climbing, is the bloody best!",,Responses:,[]
Your Line:,,,Rules:,[]
Unused?,,,Criteria:,[]

Filename:,demo_wall_climb_03,,Events:,[]
Full Path:,vo/mercs_dt_2025_1/demo_wall_climb_03.mp3,,Scenes:,[]
Transcription:,"Wait, will I wall climb higher with my Caber?",,Responses:,[]
Your Line:,,,Rules:,[]
Unused?,,,Criteria:,[]

Filename:,demo_wall_climb_04,,Events:,[]
Full Path:,vo/mercs_dt_2025_1/demo_wall_climb_04.mp3,,Scenes:,[]
Transcription:,I can climb this wall with both of me eyes gone!,,Responses:,[]
Your Line:,,,Rules:,[]
Unused?,,,Criteria:,[]

Filename:,engineer_above_01,,Events:,[]
Full Path:,vo/mercs_dt_2025_1/engineer_above_01.mp3,,Scenes:,[]
Transcription:,Above ya!,,Responses:,[]
Your Line:,,,Rules:,[]
Unused?,,,Criteria:,[]

Filename:,engineer_above_02,,Events:,[]
Full Path:,vo/mercs_dt_2025_1/engineer_above_02.mp3,,Scenes:,[]
Transcription:,Above ya!,,Responses:,[]
Your Line:,,,Rules:,[]
Unused?,,,Criteria:,[]

Filename:,engineer_above_03,,Events:,[]
Full Path:,vo/mercs_dt_2025_1/engineer_above_03.mp3,,Scenes:,[]
Transcription:,"Watch the skies, feller!",,Responses:,[]
Your Line:,,,Rules:,[]
Unused?,,,Criteria:,[]

Filename:,engineer_behind_01,,Events:,[]
Full Path:,vo/mercs_dt_2025_1/engineer_behind_01.mp3,,Scenes:,[]
Transcription:,Behind ya!,,Responses:,[]
Your Line:,,,Rules:,[]
Unused?,,,Criteria:,[]

Filename:,engineer_behind_02,,Events:,[]
Full Path:,vo/mercs_dt_2025_1/engineer_behind_02.mp3,,Scenes:,[]
Transcription:,Watch out behind ya!,,Responses:,[]
Your Line:,,,Rules:,[]
Unused?,,,Criteria:,[]

Filename:,engineer_behind_03,,Events:,[]
Full Path:,vo/mercs_dt_2025_1/engineer_behind_03.mp3,,Scenes:,[]
Transcription:,Behind ya!,,Responses:,[]
Your Line:,,,Rules:,[]
Unused?,,,Criteria:,[]

Filename:,engineer_contact_01,,Events:,[]
Full Path:,vo/mercs_dt_2025_1/engineer_contact_01.mp3,,Scenes:,[]
Transcription:,"He's over there, boys!",,Responses:,[]
Your Line:,,,Rules:,[]
Unused?,,,Criteria:,[]

Filename:,engineer_contact_02,,Events:,[]
Full Path:,vo/mercs_dt_2025_1/engineer_contact_02.mp3,,Scenes:,[]
Transcription:,"He's over there, boys!",,Responses:,[]
Your Line:,,,Rules:,[]
Unused?,,,Criteria:,[]

Filename:,engineer_medicdead_01,,Events:,[]
Full Path:,vo/mercs_dt_2025_1/engineer_medicdead_01.mp3,,Scenes:,[]
Transcription:,Darn it! No Medics left!,,Responses:,[]
Your Line:,,,Rules:,[]
Unused?,,,Criteria:,[]

Filename:,engineer_medicdead_02,,Events:,[]
Full Path:,vo/mercs_dt_2025_1/engineer_medicdead_02.mp3,,Scenes:,[]
Transcription:,"Medic's dead! Everyone, gather near the Dispenser!",,Responses:,[]
Your Line:,,,Rules:,[]
Unused?,,,Criteria:,[]

Filename:,engineer_medicdead_03,,Events:,[]
Full Path:,vo/mercs_dt_2025_1/engineer_medicdead_03.mp3,,Scenes:,[]
Transcription:,Our Medic is dead!,,Responses:,[]
Your Line:,,,Rules:,[]
Unused?,,,Criteria:,[]

Filename:,engineer_nomedic_01,,Events:,[]
Full Path:,vo/mercs_dt_2025_1/engineer_nomedic_01.mp3,,Scenes:,[]
Transcription:,"We have no Medic, boys!",,Responses:,[]
Your Line:,,,Rules:,[]
Unused?,,,Criteria:,[]

Filename:,engineer_nomedic_02,,Events:,[]
Full Path:,vo/mercs_dt_2025_1/engineer_nomedic_02.mp3,,Scenes:,[]
Transcription:,Looks like the only Medic who's joined us today is my Dispenser!,,Responses:,[]
Your Line:,,,Rules:,[]
Unused?,,,Criteria:,[]

Filename:,engineer_setup_01,,Events:,[]
Full Path:,vo/mercs_dt_2025_1/engineer_setup_01.mp3,,Scenes:,[]
Transcription:,"Some like to fight harder, I like to fight smarter!",,Responses:,[]
Your Line:,,,Rules:,[]
Unused?,,,Criteria:,[]

Filename:,engineer_setup_02,,Events:,[]
Full Path:,vo/mercs_dt_2025_1/engineer_setup_02.mp3,,Scenes:,[]
Transcription:,Some like to fight harder! I like to fight smarter!,,Responses:,[]
Your Line:,,,Rules:,[]
Unused?,,,Criteria:,[]

Filename:,engineer_setup_03,,Events:,[]
Full Path:,vo/mercs_dt_2025_1/engineer_setup_03.mp3,,Scenes:,[]
Transcription:,"You may build your body by lifting weights, Hale! I build my body by lifting heavy machinery!",,Responses:,[]
Your Line:,,,Rules:,[]
Unused?,,,Criteria:,[]

Filename:,engineer_setup_04,,Events:,[]
Full Path:,vo/mercs_dt_2025_1/engineer_setup_04.mp3,,Scenes:,[]
Transcription:,"You know, that big fellow over there reminds me of my grandfather.",,Responses:,[]
Your Line:,,,Rules:,[]
Unused?,,,Criteria:,[]

Filename:,engineer_setup_05,,Events:,[]
Full Path:,vo/mercs_dt_2025_1/engineer_setup_05.mp3,,Scenes:,[]
Transcription:,"Mr. Hale, you, sir, are about to have a real bad day!",,Responses:,[]
Your Line:,,,Rules:,[]
Unused?,,,Criteria:,[]

Filename:,engineer_setup_06,,Events:,[]
Full Path:,vo/mercs_dt_2025_1/engineer_setup_06.mp3,,Scenes:,[]
Transcription:,"Wait, if beer is called liquid bread and teleporting bread infects it with tumors, does that mean...?",,Responses:,[]
Your Line:,,,Rules:,[]
Unused?,,,Criteria:,[]

Filename:,engineer_setup_07,,Events:,[]
Full Path:,vo/mercs_dt_2025_1/engineer_setup_07.mp3,,Scenes:,[]
Transcription:,"Ok boys, Let's bring that Big Mean Mother Hubbard down!",,Responses:,[]
Your Line:,,,Rules:,[]
Unused?,,,Criteria:,[]

Filename:,engineer_wall_climb_01,,Events:,[]
Full Path:,vo/mercs_dt_2025_1/engineer_wall_climb_01.mp3,,Scenes:,[]
Transcription:,Giddyup!,,Responses:,[]
Your Line:,,,Rules:,[]
Unused?,,,Criteria:,[]

Filename:,engineer_wall_climb_02,,Events:,[]
Full Path:,vo/mercs_dt_2025_1/engineer_wall_climb_02.mp3,,Scenes:,[]
Transcription:,Giddyup!,,Responses:,[]
Your Line:,,,Rules:,[]
Unused?,,,Criteria:,[]

Filename:,heavy_above_01,,Events:,[]
Full Path:,vo/mercs_dt_2025_1/heavy_above_01.mp3,,Scenes:,[]
Transcription:,Look up!,,Responses:,[]
Your Line:,,,Rules:,[]
Unused?,,,Criteria:,[]

Filename:,heavy_behind_01,,Events:,[]
Full Path:,vo/mercs_dt_2025_1/heavy_behind_01.mp3,,Scenes:,[]
Transcription:,Behind you!,,Responses:,[]
Your Line:,,,Rules:,[]
Unused?,,,Criteria:,[]

Filename:,heavy_behind_02,,Events:,[]
Full Path:,vo/mercs_dt_2025_1/heavy_behind_02.mp3,,Scenes:,[]
Transcription:,Look back!,,Responses:,[]
Your Line:,,,Rules:,[]
Unused?,,,Criteria:,[]

Filename:,heavy_behind_03,,Events:,[]
Full Path:,vo/mercs_dt_2025_1/heavy_behind_03.mp3,,Scenes:,[]
Transcription:,Look back!,,Responses:,[]
Your Line:,,,Rules:,[]
Unused?,,,Criteria:,[]

Filename:,heavy_contact_01,,Events:,[]
Full Path:,vo/mercs_dt_2025_1/heavy_contact_01.mp3,,Scenes:,[]
Transcription:,He's there!,,Responses:,[]
Your Line:,,,Rules:,[]
Unused?,,,Criteria:,[]

Filename:,heavy_contact_02,,Events:,[]
Full Path:,vo/mercs_dt_2025_1/heavy_contact_02.mp3,,Scenes:,[]
Transcription:,He's there!,,Responses:,[]
Your Line:,,,Rules:,[]
Unused?,,,Criteria:,[]

Filename:,heavy_contact_03,,Events:,[]
Full Path:,vo/mercs_dt_2025_1/heavy_contact_03.mp3,,Scenes:,[]
Transcription:,Shoot him!,,Responses:,[]
Your Line:,,,Rules:,[]
Unused?,,,Criteria:,[]

Filename:,heavy_contact_04,,Events:,[]
Full Path:,vo/mercs_dt_2025_1/heavy_contact_04.mp3,,Scenes:,[]
Transcription:,I see him!,,Responses:,[]
Your Line:,,,Rules:,[]
Unused?,,,Criteria:,[]

Filename:,heavy_contact_05,,Events:,[]
Full Path:,vo/mercs_dt_2025_1/heavy_contact_05.mp3,,Scenes:,[]
Transcription:,"(liltingly) ""I see him!""",,Responses:,[]
Your Line:,,,Rules:,[]
Unused?,,,Criteria:,[]

Filename:,heavy_lowammo_01,,Events:,[]
Full Path:,vo/mercs_dt_2025_1/heavy_lowammo_01.mp3,,Scenes:,[]
Transcription:,Low on ammo!,,Responses:,[]
Your Line:,,,Rules:,[]
Unused?,,,Criteria:,[]

Filename:,heavy_lowammo_02,,Events:,[]
Full Path:,vo/mercs_dt_2025_1/heavy_lowammo_02.mp3,,Scenes:,[]
Transcription:,I'm low on ammo!,,Responses:,[]
Your Line:,,,Rules:,[]
Unused?,,,Criteria:,[]

Filename:,heavy_lowammo_03,,Events:,[]
Full Path:,vo/mercs_dt_2025_1/heavy_lowammo_03.mp3,,Scenes:,[]
Transcription:,I'm low on ammo!,,Responses:,[]
Your Line:,,,Rules:,[]
Unused?,,,Criteria:,[]

Filename:,heavy_medicdead_01,,Events:,[]
Full Path:,vo/mercs_dt_2025_1/heavy_medicdead_01.mp3,,Scenes:,[]
Transcription:,No Medics left!,,Responses:,[]
Your Line:,,,Rules:,[]
Unused?,,,Criteria:,[]

Filename:,heavy_medicdead_02,,Events:,[]
Full Path:,vo/mercs_dt_2025_1/heavy_medicdead_02.mp3,,Scenes:,[]
Transcription:,Medic is dead! Now I am alone!,,Responses:,[]
Your Line:,,,Rules:,[]
Unused?,,,Criteria:,[]

Filename:,heavy_medicdead_03,,Events:,[]
Full Path:,vo/mercs_dt_2025_1/heavy_medicdead_03.mp3,,Scenes:,[]
Transcription:,Medic's dead! Now I am alone!,,Responses:,[]
Your Line:,,,Rules:,[]
Unused?,,,Criteria:,[]

Filename:,heavy_medicdead_04,,Events:,[]
Full Path:,vo/mercs_dt_2025_1/heavy_medicdead_04.mp3,,Scenes:,[]
Transcription:,Doctor is gone!,,Responses:,[]
Your Line:,,,Rules:,[]
Unused?,,,Criteria:,[]

Filename:,heavy_medicdead_05,,Events:,[]
Full Path:,vo/mercs_dt_2025_1/heavy_medicdead_05.mp3,,Scenes:,[]
Transcription:,Medic dead! Now I am alone!,,Responses:,[]
Your Line:,,,Rules:,[]
Unused?,,,Criteria:,[]

Filename:,heavy_nomedic_01,,Events:,[]
Full Path:,vo/mercs_dt_2025_1/heavy_nomedic_01.mp3,,Scenes:,[]
Transcription:,Medic is not coming with us? Today is sad day.,,Responses:,[]
Your Line:,,,Rules:,[]
Unused?,,,Criteria:,[]

Filename:,heavy_nomedic_02,,Events:,[]
Full Path:,vo/mercs_dt_2025_1/heavy_nomedic_02.mp3,,Scenes:,[]
Transcription:,Was Medic not invited to ass-kicking party!?,,Responses:,[]
Your Line:,,,Rules:,[]
Unused?,,,Criteria:,[]

Filename:,heavy_nomedic_03,,Events:,[]
Full Path:,vo/mercs_dt_2025_1/heavy_nomedic_03.mp3,,Scenes:,[]
Transcription:,"Medic has not joined us? NO MORE TEA PARTY FOR YOU, MEDIC!",,Responses:,[]
Your Line:,,,Rules:,[]
Unused?,,,Criteria:,[]

Filename:,heavy_nomedic_04,,Events:,[]
Full Path:,vo/mercs_dt_2025_1/heavy_nomedic_04.mp3,,Scenes:,[]
Transcription:,Where doctor?,,Responses:,[]
Your Line:,,,Rules:,[]
Unused?,,,Criteria:,[]

Filename:,heavy_nomedic_05,,Events:,[]
Full Path:,vo/mercs_dt_2025_1/heavy_nomedic_05.mp3,,Scenes:,[]
Transcription:,Where is doctor?,,Responses:,[]
Your Line:,,,Rules:,[]
Unused?,,,Criteria:,[]

Filename:,heavy_setup_01,,Events:,[]
Full Path:,vo/mercs_dt_2025_1/heavy_setup_01.mp3,,Scenes:,[]
Transcription:,Heavy will crush tiny Australian man!,,Responses:,[]
Your Line:,,,Rules:,[]
Unused?,,,Criteria:,[]

Filename:,heavy_setup_02,,Events:,[]
Full Path:,vo/mercs_dt_2025_1/heavy_setup_02.mp3,,Scenes:,[]
Transcription:,Tiny man thinks him stronger than Heavy?,,Responses:,[]
Your Line:,,,Rules:,[]
Unused?,,,Criteria:,[]

Filename:,heavy_tickle_01,,Events:,[]
Full Path:,vo/mercs_dt_2025_1/heavy_tickle_01.mp3,,Scenes:,[]
Transcription:,I will tickle you to death!,,Responses:,[]
Your Line:,,,Rules:,[]
Unused?,,,Criteria:,[]

Filename:,heavy_tickle_02,,Events:,[]
Full Path:,vo/mercs_dt_2025_1/heavy_tickle_02.mp3,,Scenes:,[]
Transcription:,I will tickle you to death!,,Responses:,[]
Your Line:,,,Rules:,[]
Unused?,,,Criteria:,[]

Filename:,heavy_wall_climb_01,,Events:,[]
Full Path:,vo/mercs_dt_2025_1/heavy_wall_climb_01.mp3,,Scenes:,[]
Transcription:,Heavy used to be rock climbing champion!,,Responses:,[]
Your Line:,,,Rules:,[]
Unused?,,,Criteria:,[]

Filename:,heavy_wall_climb_02,,Events:,[]
Full Path:,vo/mercs_dt_2025_1/heavy_wall_climb_02.mp3,,Scenes:,[]
Transcription:,Why do we even bother walking?,,Responses:,[]
Your Line:,,,Rules:,[]
Unused?,,,Criteria:,[]

Filename:,heavy_wall_climb_03,,Events:,[]
Full Path:,vo/mercs_dt_2025_1/heavy_wall_climb_03.mp3,,Scenes:,[]
Transcription:,Wall climbing!,,Responses:,[]
Your Line:,,,Rules:,[]
Unused?,,,Criteria:,[]

Filename:,heavy_wall_climb_04,,Events:,[]
Full Path:,vo/mercs_dt_2025_1/heavy_wall_climb_04.mp3,,Scenes:,[]
Transcription:,Heavy climb walls!,,Responses:,[]
Your Line:,,,Rules:,[]
Unused?,,,Criteria:,[]

Filename:,heavy_wall_climb_06,,Events:,[]
Full Path:,vo/mercs_dt_2025_1/heavy_wall_climb_06.mp3,,Scenes:,[]
Transcription:,Tiny walls can't stop Heavy!,,Responses:,[]
Your Line:,,,Rules:,[]
Unused?,,,Criteria:,[]

Filename:,heavy_win_01,,Events:,[]
Full Path:,vo/mercs_dt_2025_1/heavy_win_01.mp3,,Scenes:,[]
Transcription:,We did it! We killed former boss! Wait. Why we kill former boss?,,Responses:,[]
Your Line:,,,Rules:,[]
Unused?,,,Criteria:,[]

Filename:,heavy_win_02,,Events:,[]
Full Path:,vo/mercs_dt_2025_1/heavy_win_02.mp3,,Scenes:,[]
Transcription:,"Heavy proud of team! We killed tiny, underdressed man!",,Responses:,[]
Your Line:,,,Rules:,[]
Unused?,,,Criteria:,[]

Filename:,medic_above_01,,Events:,[]
Full Path:,vo/mercs_dt_2025_1/medic_above_01.mp3,,Scenes:,[]
Transcription:,He is above you!,,Responses:,[]
Your Line:,,,Rules:,[]
Unused?,,,Criteria:,[]

Filename:,medic_above_02,,Events:,[]
Full Path:,vo/mercs_dt_2025_1/medic_above_02.mp3,,Scenes:,[]
Transcription:,In zhe sky!,,Responses:,[]
Your Line:,,,Rules:,[]
Unused?,,,Criteria:,[]

Filename:,medic_behind_01,,Events:,[]
Full Path:,vo/mercs_dt_2025_1/medic_behind_01.mp3,,Scenes:,[]
Transcription:,Behind you!,,Responses:,[]
Your Line:,,,Rules:,[]
Unused?,,,Criteria:,[]

Filename:,medic_contact_01,,Events:,[]
Full Path:,vo/mercs_dt_2025_1/medic_contact_01.mp3,,Scenes:,[]
Transcription:,I see him! Protect me!,,Responses:,[]
Your Line:,,,Rules:,[]
Unused?,,,Criteria:,[]

Filename:,medic_contact_02,,Events:,[]
Full Path:,vo/mercs_dt_2025_1/medic_contact_02.mp3,,Scenes:,[]
Transcription:,"Oh, I see him! I need protection!",,Responses:,[]
Your Line:,,,Rules:,[]
Unused?,,,Criteria:,[]

Filename:,medic_contact_uber_01,,Events:,[]
Full Path:,vo/mercs_dt_2025_1/medic_contact_uber_01.mp3,,Scenes:,[]
Transcription:,I see him! Are you ready?,,Responses:,[]
Your Line:,,,Rules:,[]
Unused?,,,Criteria:,[]

Filename:,medic_setup_01,,Events:,[]
Full Path:,vo/mercs_dt_2025_1/medic_setup_01.mp3,,Scenes:,[]
Transcription:,"Mann Co. brand?! Feh, I made zis myself!",,Responses:,[]
Your Line:,,,Rules:,[]
Unused?,,,Criteria:,[]

Filename:,medic_setup_02,,Events:,[]
Full Path:,vo/mercs_dt_2025_1/medic_setup_02.mp3,,Scenes:,[]
Transcription:,Mann Co. brand?! Dummkopfs! I made zis myself!,,Responses:,[]
Your Line:,,,Rules:,[]
Unused?,,,Criteria:,[]

Filename:,medic_setup_03,,Events:,[]
Full Path:,vo/mercs_dt_2025_1/medic_setup_03.mp3,,Scenes:,[]
Transcription:,"Remember, team, I am ze only thing standing between you and ze instant death!",,Responses:,[]
Your Line:,,,Rules:,[]
Unused?,,,Criteria:,[]

Filename:,medic_setup_04,,Events:,[]
Full Path:,vo/mercs_dt_2025_1/medic_setup_04.mp3,,Scenes:,[]
Transcription:,"You are quite bulletproof! Vhen ve kill you, can I take a skin sample, or maybe an arm?",,Responses:,[]
Your Line:,,,Rules:,[]
Unused?,,,Criteria:,[]

Filename:,medic_wall_climb_01,,Events:,[]
Full Path:,vo/mercs_dt_2025_1/medic_wall_climb_01.mp3,,Scenes:,[]
Transcription:,Now zis is fass klettern!,,Responses:,[]
Your Line:,,,Rules:,[]
Unused?,,,Criteria:,[]

Filename:,medic_wall_climb_02,,Events:,[]
Full Path:,vo/mercs_dt_2025_1/medic_wall_climb_02.mp3,,Scenes:,[]
Transcription:,Haha! Now zis is fass klettern!,,Responses:,[]
Your Line:,,,Rules:,[]
Unused?,,,Criteria:,[]

Filename:,medic_wall_climb_03,,Events:,[]
Full Path:,vo/mercs_dt_2025_1/medic_wall_climb_03.mp3,,Scenes:,[]
Transcription:,Zat is not how I imagined mein career ladder.,,Responses:,[]
Your Line:,,,Rules:,[]
Unused?,,,Criteria:,[]

Filename:,medic_wall_climb_04,,Events:,[]
Full Path:,vo/mercs_dt_2025_1/medic_wall_climb_04.mp3,,Scenes:,[]
Transcription:,Woo! Vall climbing!,,Responses:,[]
Your Line:,,,Rules:,[]
Unused?,,,Criteria:,[]

Filename:,medic_wall_climb_05,,Events:,[]
Full Path:,vo/mercs_dt_2025_1/medic_wall_climb_05.mp3,,Scenes:,[]
Transcription:,I don't need a license to climb valls!,,Responses:,[]
Your Line:,,,Rules:,[]
Unused?,,,Criteria:,[]

Filename:,pyro_above_01,,Events:,[]
Full Path:,vo/mercs_dt_2025_1/pyro_above_01.mp3,,Scenes:,[]
Transcription:,HABOVE YOU!,,Responses:,[]
Your Line:,,,Rules:,[]
Unused?,,,Criteria:,[]

Filename:,pyro_above_02,,Events:,[]
Full Path:,vo/mercs_dt_2025_1/pyro_above_02.mp3,,Scenes:,[]
Transcription:,HABOVE YOU!,,Responses:,[]
Your Line:,,,Rules:,[]
Unused?,,,Criteria:,[]

Filename:,pyro_airblast_01,,Events:,[]
Full Path:,vo/mercs_dt_2025_1/pyro_airblast_01.mp3,,Scenes:,[]
Transcription:,Buh-bye!,,Responses:,[]
Your Line:,,,Rules:,[]
Unused?,,,Criteria:,[]

Filename:,pyro_airblast_02,,Events:,[]
Full Path:,vo/mercs_dt_2025_1/pyro_airblast_02.mp3,,Scenes:,[]
Transcription:,"Stay bhhind mh, team!!",,Responses:,[]
Your Line:,,,Rules:,[]
Unused?,,,Criteria:,[]

Filename:,pyro_airblast_03,,Events:,[]
Full Path:,vo/mercs_dt_2025_1/pyro_airblast_03.mp3,,Scenes:,[]
Transcription:,"'Stay over dhere, punk!",,Responses:,[]
Your Line:,,,Rules:,[]
Unused?,,,Criteria:,[]

Filename:,pyro_airblast_04,,Events:,[]
Full Path:,vo/mercs_dt_2025_1/pyro_airblast_04.mp3,,Scenes:,[]
Transcription:,"(laughs) Hef huv there, huh!",,Responses:,[]
Your Line:,,,Rules:,[]
Unused?,,,Criteria:,[]

Filename:,pyro_behind_01,,Events:,[]
Full Path:,vo/mercs_dt_2025_1/pyro_behind_01.mp3,,Scenes:,[]
Transcription:,Hebind you!,,Responses:,[]
Your Line:,,,Rules:,[]
Unused?,,,Criteria:,[]

Filename:,pyro_behind_02,,Events:,[]
Full Path:,vo/mercs_dt_2025_1/pyro_behind_02.mp3,,Scenes:,[]
Transcription:,Henind you!,,Responses:,[]
Your Line:,,,Rules:,[]
Unused?,,,Criteria:,[]

Filename:,pyro_nomedic_01,,Events:,[]
Full Path:,vo/mercs_dt_2025_1/pyro_nomedic_01.mp3,,Scenes:,[]
Transcription:,"MEDIC! Awww, hhh nnh arrouhh!",,Responses:,[]
Your Line:,,,Rules:,[]
Unused?,,,Criteria:,[]

Filename:,pyro_nomedic_02,,Events:,[]
Full Path:,vo/mercs_dt_2025_1/pyro_nomedic_02.mp3,,Scenes:,[]
Transcription:,Bhere's huh hoctor? Hed heverybodhy helse!,,Responses:,[]
Your Line:,,,Rules:,[]
Unused?,,,Criteria:,[]

Filename:,pyro_nomedic_03,,Events:,[]
Full Path:,vo/mercs_dt_2025_1/pyro_nomedic_03.mp3,,Scenes:,[]
Transcription:,"MEDIC! Uhh, whrr dah Medic?",,Responses:,[]
Your Line:,,,Rules:,[]
Unused?,,,Criteria:,[]

Filename:,pyro_nomedic_04,,Events:,[]
Full Path:,vo/mercs_dt_2025_1/pyro_nomedic_04.mp3,,Scenes:,[]
Transcription:,MEDIC!?! OHH MEDIC! WHRR AARRE YOUU?!,,Responses:,[]
Your Line:,,,Rules:,[]
Unused?,,,Criteria:,[]

Filename:,pyro_setup_01,,Events:,[]
Full Path:,vo/mercs_dt_2025_1/pyro_setup_01.mp3,,Scenes:,[]
Transcription:,Saxton Hale? Isn't that the guy with the (incoherent mumbling)?,,Responses:,[]
Your Line:,,,Rules:,[]
Unused?,,,Criteria:,[]

Filename:,pyro_setup_02,,Events:,[]
Full Path:,vo/mercs_dt_2025_1/pyro_setup_02.mp3,,Scenes:,[]
Transcription:,Saxton Hale? Isn't that the guy with the (incoherent mumbling)?,,Responses:,[]
Your Line:,,,Rules:,[]
Unused?,,,Criteria:,[]

Filename:,pyro_setup_03,,Events:,[]
Full Path:,vo/mercs_dt_2025_1/pyro_setup_03.mp3,,Scenes:,[]
Transcription:,(excited) Oooh! (incoherent mumbling),,Responses:,[]
Your Line:,,,Rules:,[]
Unused?,,,Criteria:,[]

Filename:,pyro_win_01,,Events:,[]
Full Path:,vo/mercs_dt_2025_1/pyro_win_01.mp3,,Scenes:,[]
Transcription:,"Buh, budda, bah!",,Responses:,[]
Your Line:,,,Rules:,[]
Unused?,,,Criteria:,[]

Filename:,pyro_win_02,,Events:,[]
Full Path:,vo/mercs_dt_2025_1/pyro_win_02.mp3,,Scenes:,[]
Transcription:,Ihm ghnnh llht yhh uhp nnh fyrrhh!,,Responses:,[]
Your Line:,,,Rules:,[]
Unused?,,,Criteria:,[]

Filename:,scout_above_01,,Events:,[]
Full Path:,vo/mercs_dt_2025_1/scout_above_01.mp3,,Scenes:,[]
Transcription:,"Ah, crap, he's above you!",,Responses:,[]
Your Line:,,,Rules:,[]
Unused?,,,Criteria:,[]

Filename:,scout_above_02,,Events:,[]
Full Path:,vo/mercs_dt_2025_1/scout_above_02.mp3,,Scenes:,[]
Transcription:,"Above you, dumbass!",,Responses:,[]
Your Line:,,,Rules:,[]
Unused?,,,Criteria:,[]

Filename:,scout_above_03,,Events:,[]
Full Path:,vo/mercs_dt_2025_1/scout_above_03.mp3,,Scenes:,[]
Transcription:,Above you!,,Responses:,[]
Your Line:,,,Rules:,[]
Unused?,,,Criteria:,[]

Filename:,scout_above_04,,Events:,[]
Full Path:,vo/mercs_dt_2025_1/scout_above_04.mp3,,Scenes:,[]
Transcription:,Look up!,,Responses:,[]
Your Line:,,,Rules:,[]
Unused?,,,Criteria:,[]

Filename:,scout_above_05,,Events:,[]
Full Path:,vo/mercs_dt_2025_1/scout_above_05.mp3,,Scenes:,[]
Transcription:,"Take a look to the skies, dumbass!",,Responses:,[]
Your Line:,,,Rules:,[]
Unused?,,,Criteria:,[]

Filename:,scout_above_06,,Events:,[]
Full Path:,vo/mercs_dt_2025_1/scout_above_06.mp3,,Scenes:,[]
Transcription:,Look up!,,Responses:,[]
Your Line:,,,Rules:,[]
Unused?,,,Criteria:,[]

Filename:,scout_behind_01,,Events:,[]
Full Path:,vo/mercs_dt_2025_1/scout_behind_01.mp3,,Scenes:,[]
Transcription:,Behind ya!,,Responses:,[]
Your Line:,,,Rules:,[]
Unused?,,,Criteria:,[]

Filename:,scout_behind_02,,Events:,[]
Full Path:,vo/mercs_dt_2025_1/scout_behind_02.mp3,,Scenes:,[]
Transcription:,Behind you!,,Responses:,[]
Your Line:,,,Rules:,[]
Unused?,,,Criteria:,[]

Filename:,scout_contact_01,,Events:,[]
Full Path:,vo/mercs_dt_2025_1/scout_contact_01.mp3,,Scenes:,[]
Transcription:,He's over there! Let's get him!,,Responses:,[]
Your Line:,,,Rules:,[]
Unused?,,,Criteria:,[]

Filename:,scout_contact_02,,Events:,[]
Full Path:,vo/mercs_dt_2025_1/scout_contact_02.mp3,,Scenes:,[]
Transcription:,He's over there!,,Responses:,[]
Your Line:,,,Rules:,[]
Unused?,,,Criteria:,[]

Filename:,scout_contact_03,,Events:,[]
Full Path:,vo/mercs_dt_2025_1/scout_contact_03.mp3,,Scenes:,[]
Transcription:,I see him!,,Responses:,[]
Your Line:,,,Rules:,[]
Unused?,,,Criteria:,[]

Filename:,scout_contact_04,,Events:,[]
Full Path:,vo/mercs_dt_2025_1/scout_contact_04.mp3,,Scenes:,[]
Transcription:,I see him!,,Responses:,[]
Your Line:,,,Rules:,[]
Unused?,,,Criteria:,[]

Filename:,scout_marked_01,,Events:,[]
Full Path:,vo/mercs_dt_2025_1/scout_marked_01.mp3,,Scenes:,[]
Transcription:,YOU! HAVE! BEEN! MARKED!,,Responses:,[]
Your Line:,,,Rules:,[]
Unused?,,,Criteria:,[]

Filename:,scout_marked_02,,Events:,[]
Full Path:,vo/mercs_dt_2025_1/scout_marked_02.mp3,,Scenes:,[]
Transcription:,I got him!,,Responses:,[]
Your Line:,,,Rules:,[]
Unused?,,,Criteria:,[]

Filename:,scout_marked_03,,Events:,[]
Full Path:,vo/mercs_dt_2025_1/scout_marked_03.mp3,,Scenes:,[]
Transcription:,"Ooh, ya gonna die now!",,Responses:,[]
Your Line:,,,Rules:,[]
Unused?,,,Criteria:,[]

Filename:,scout_marked_04,,Events:,[]
Full Path:,vo/mercs_dt_2025_1/scout_marked_04.mp3,,Scenes:,[]
Transcription:,"You just got Marked, muscle man!",,Responses:,[]
Your Line:,,,Rules:,[]
Unused?,,,Criteria:,[]

Filename:,scout_marked_05,,Events:,[]
Full Path:,vo/mercs_dt_2025_1/scout_marked_05.mp3,,Scenes:,[]
Transcription:,I got him!,,Responses:,[]
Your Line:,,,Rules:,[]
Unused?,,,Criteria:,[]

Filename:,scout_medicdead_01,,Events:,[]
Full Path:,vo/mercs_dt_2025_1/scout_medicdead_01.mp3,,Scenes:,[]
Transcription:,No Medics left! Gotta find pills or something.,,Responses:,[]
Your Line:,,,Rules:,[]
Unused?,,,Criteria:,[]

Filename:,scout_nomedic_01,,Events:,[]
Full Path:,vo/mercs_dt_2025_1/scout_nomedic_01.mp3,,Scenes:,[]
Transcription:,"MEDIC! Crap, we got none!",,Responses:,[]
Your Line:,,,Rules:,[]
Unused?,,,Criteria:,[]

Filename:,scout_nomedic_02,,Events:,[]
Full Path:,vo/mercs_dt_2025_1/scout_nomedic_02.mp3,,Scenes:,[]
Transcription:,So Medic just decided to stay behind? You guys better hope I brought Mad Milk!,,Responses:,[]
Your Line:,,,Rules:,[]
Unused?,,,Criteria:,[]

Filename:,scout_nomedic_03,,Events:,[]
Full Path:,vo/mercs_dt_2025_1/scout_nomedic_03.mp3,,Scenes:,[]
Transcription:,"Wait, we have no Medic! That can't be good.",,Responses:,[]
Your Line:,,,Rules:,[]
Unused?,,,Criteria:,[]

Filename:,scout_nomedic_04,,Events:,[]
Full Path:,vo/mercs_dt_2025_1/scout_nomedic_04.mp3,,Scenes:,[]
Transcription:,"NO MEDIC!?! Pff, who needs Medics anyway, right? Heh, heh...I do.",,Responses:,[]
Your Line:,,,Rules:,[]
Unused?,,,Criteria:,[]

Filename:,scout_nomedic_05,,Events:,[]
Full Path:,vo/mercs_dt_2025_1/scout_nomedic_05.mp3,,Scenes:,[]
Transcription:,"Wait, we're going in without a Medic?! Looks like it's back to the all-pills diet for me.",,Responses:,[]
Your Line:,,,Rules:,[]
Unused?,,,Criteria:,[]

Filename:,scout_setup_01,,Events:,[]
Full Path:,vo/mercs_dt_2025_1/scout_setup_01.mp3,,Scenes:,[]
Transcription:,"Man, every new person I meet is bigger than the last! What do they have you eatin'?",,Responses:,[]
Your Line:,,,Rules:,[]
Unused?,,,Criteria:,[]

Filename:,scout_setup_02,,Events:,[]
Full Path:,vo/mercs_dt_2025_1/scout_setup_02.mp3,,Scenes:,[]
Transcription:,"Holy crap, you're even taller in person! Is it too late to back out?",,Responses:,[]
Your Line:,,,Rules:,[]
Unused?,,,Criteria:,[]

Filename:,scout_setup_03,,Events:,[]
Full Path:,vo/mercs_dt_2025_1/scout_setup_03.mp3,,Scenes:,[]
Transcription:,"Saxton? Ppf, this guy's nothing! Hey, Saxton, can I get your autograph after this? As a joke, obviously.",,Responses:,[]
Your Line:,,,Rules:,[]
Unused?,,,Criteria:,[]

Filename:,scout_setup_04,,Events:,[]
Full Path:,vo/mercs_dt_2025_1/scout_setup_04.mp3,,Scenes:,[]
Transcription:,"Oh my God, OH MY GOD, OHMYGOD! It's Saxton Hale!",,Responses:,[]
Your Line:,,,Rules:,[]
Unused?,,,Criteria:,[]

Filename:,scout_wall_climb_02,,Events:,[]
Full Path:,vo/mercs_dt_2025_1/scout_wall_climb_02.mp3,,Scenes:,[]
Transcription:,Wall climbing! Yeah!,,Responses:,[]
Your Line:,,,Rules:,[]
Unused?,,,Criteria:,[]

Filename:,sniper_contact_01,,Events:,[]
Full Path:,vo/mercs_dt_2025_1/sniper_contact_01.mp3,,Scenes:,[]
Transcription:,He's moving to ya!,,Responses:,[]
Your Line:,,,Rules:,[]
Unused?,,,Criteria:,[]

Filename:,sniper_medicdead_01,,Events:,[]
Full Path:,vo/mercs_dt_2025_1/sniper_medicdead_01.mp3,,Scenes:,[]
Transcription:,Our doc is six feet down under!,,Responses:,[]
Your Line:,,,Rules:,[]
Unused?,,,Criteria:,[]

Filename:,sniper_medicdead_02,,Events:,[]
Full Path:,vo/mercs_dt_2025_1/sniper_medicdead_02.mp3,,Scenes:,[]
Transcription:,"No docs left! Huh, that's not good.",,Responses:,[]
Your Line:,,,Rules:,[]
Unused?,,,Criteria:,[]

Filename:,sniper_medicdead_03,,Events:,[]
Full Path:,vo/mercs_dt_2025_1/sniper_medicdead_03.mp3,,Scenes:,[]
Transcription:,No docs left? I'll find a leaf and some twigs.,,Responses:,[]
Your Line:,,,Rules:,[]
Unused?,,,Criteria:,[]

Filename:,sniper_nomedic_01,,Events:,[]
Full Path:,vo/mercs_dt_2025_1/sniper_nomedic_01.mp3,,Scenes:,[]
Transcription:,Looks like Medic has better things to do than help.,,Responses:,[]
Your Line:,,,Rules:,[]
Unused?,,,Criteria:,[]

Filename:,sniper_nomedic_02,,Events:,[]
Full Path:,vo/mercs_dt_2025_1/sniper_nomedic_02.mp3,,Scenes:,[]
Transcription:,"Alright, which one of you knuckleheads didn't invite our Medic?",,Responses:,[]
Your Line:,,,Rules:,[]
Unused?,,,Criteria:,[]

Filename:,sniper_run_01,,Events:,[]
Full Path:,vo/mercs_dt_2025_1/sniper_run_01.mp3,,Scenes:,[]
Transcription:,RUUUUUUN!,,Responses:,[]
Your Line:,,,Rules:,[]
Unused?,,,Criteria:,[]

Filename:,sniper_run_02,,Events:,[]
Full Path:,vo/mercs_dt_2025_1/sniper_run_02.mp3,,Scenes:,[]
Transcription:,Ruuuuuuun!,,Responses:,[]
Your Line:,,,Rules:,[]
Unused?,,,Criteria:,[]

Filename:,sniper_run_03,,Events:,[]
Full Path:,vo/mercs_dt_2025_1/sniper_run_03.mp3,,Scenes:,[]
Transcription:,"Run away, run away, run away!",,Responses:,[]
Your Line:,,,Rules:,[]
Unused?,,,Criteria:,[]

Filename:,sniper_run_04,,Events:,[]
Full Path:,vo/mercs_dt_2025_1/sniper_run_04.mp3,,Scenes:,[]
Transcription:,"Outta my way, outta my way! Can't you see he's trying to kick my butt?",,Responses:,[]
Your Line:,,,Rules:,[]
Unused?,,,Criteria:,[]

Filename:,sniper_setup_01,,Events:,[]
Full Path:,vo/mercs_dt_2025_1/sniper_setup_01.mp3,,Scenes:,[]
Transcription:,"Time to show who the real Australian here is! You big head, wide, hairy-chest wanker!",,Responses:,[]
Your Line:,,,Rules:,[]
Unused?,,,Criteria:,[]

Filename:,sniper_setup_02,,Events:,[]
Full Path:,vo/mercs_dt_2025_1/sniper_setup_02.mp3,,Scenes:,[]
Transcription:,"All I need is a good view, some ammo, and a decent angle, and we'll be back for dinner.",,Responses:,[]
Your Line:,,,Rules:,[]
Unused?,,,Criteria:,[]

Filename:,sniper_wall_climb_01,,Events:,[]
Full Path:,vo/mercs_dt_2025_1/sniper_wall_climb_01.mp3,,Scenes:,[]
Transcription:,Alley oop!,,Responses:,[]
Your Line:,,,Rules:,[]
Unused?,,,Criteria:,[]

Filename:,sniper_wall_climb_02,,Events:,[]
Full Path:,vo/mercs_dt_2025_1/sniper_wall_climb_02.mp3,,Scenes:,[]
Transcription:,Wall climbing!,,Responses:,[]
Your Line:,,,Rules:,[]
Unused?,,,Criteria:,[]

Filename:,sniper_wall_climb_03,,Events:,[]
Full Path:,vo/mercs_dt_2025_1/sniper_wall_climb_03.mp3,,Scenes:,[]
Transcription:,"See ya at the top, lads!",,Responses:,[]
Your Line:,,,Rules:,[]
Unused?,,,Criteria:,[]

Filename:,sniper_wall_climb_04,,Events:,[]
Full Path:,vo/mercs_dt_2025_1/sniper_wall_climb_04.mp3,,Scenes:,[]
Transcription:,"See ya at the top, lads!",,Responses:,[]
Your Line:,,,Rules:,[]
Unused?,,,Criteria:,[]

Filename:,sniper_win_01,,Events:,[]
Full Path:,vo/mercs_dt_2025_1/sniper_win_01.mp3,,Scenes:,[]
Transcription:,"Only the finest of shots, mate.",,Responses:,[]
Your Line:,,,Rules:,[]
Unused?,,,Criteria:,[]

Filename:,sniper_win_02,,Events:,[]
Full Path:,vo/mercs_dt_2025_1/sniper_win_02.mp3,,Scenes:,[]
Transcription:,It only took one more bullet to end this.,,Responses:,[]
Your Line:,,,Rules:,[]
Unused?,,,Criteria:,[]

Filename:,soldier_above_01,,Events:,[]
Full Path:,vo/mercs_dt_2025_1/soldier_above_01.mp3,,Scenes:,[]
Transcription:,"(inflected) ""Abooove-YOU!""",,Responses:,[]
Your Line:,,,Rules:,[]
Unused?,,,Criteria:,[]

Filename:,soldier_above_02,,Events:,[]
Full Path:,vo/mercs_dt_2025_1/soldier_above_02.mp3,,Scenes:,[]
Transcription:,"Above you, maggot!",,Responses:,[]
Your Line:,,,Rules:,[]
Unused?,,,Criteria:,[]

Filename:,soldier_above_03,,Events:,[]
Full Path:,vo/mercs_dt_2025_1/soldier_above_03.mp3,,Scenes:,[]
Transcription:,"(inflected) ""Loook-up!""",,Responses:,[]
Your Line:,,,Rules:,[]
Unused?,,,Criteria:,[]

Filename:,soldier_above_04,,Events:,[]
Full Path:,vo/mercs_dt_2025_1/soldier_above_04.mp3,,Scenes:,[]
Transcription:,"Look to the skies, maggots!",,Responses:,[]
Your Line:,,,Rules:,[]
Unused?,,,Criteria:,[]

Filename:,soldier_behind_01,,Events:,[]
Full Path:,vo/mercs_dt_2025_1/soldier_behind_01.mp3,,Scenes:,[]
Transcription:,"(inflected) ""Behiiind-you!""",,Responses:,[]
Your Line:,,,Rules:,[]
Unused?,,,Criteria:,[]

Filename:,soldier_behind_02,,Events:,[]
Full Path:,vo/mercs_dt_2025_1/soldier_behind_02.mp3,,Scenes:,[]
Transcription:,Behind you!,,Responses:,[]
Your Line:,,,Rules:,[]
Unused?,,,Criteria:,[]

Filename:,soldier_behind_03,,Events:,[]
Full Path:,vo/mercs_dt_2025_1/soldier_behind_03.mp3,,Scenes:,[]
Transcription:,"Behind you, maggot!",,Responses:,[]
Your Line:,,,Rules:,[]
Unused?,,,Criteria:,[]

Filename:,soldier_contact_01,,Events:,[]
Full Path:,vo/mercs_dt_2025_1/soldier_contact_01.mp3,,Scenes:,[]
Transcription:,CONTACT!,,Responses:,[]
Your Line:,,,Rules:,[]
Unused?,,,Criteria:,[]

Filename:,soldier_contact_02,,Events:,[]
Full Path:,vo/mercs_dt_2025_1/soldier_contact_02.mp3,,Scenes:,[]
Transcription:,CON-TACT!,,Responses:,[]
Your Line:,,,Rules:,[]
Unused?,,,Criteria:,[]

Filename:,soldier_contact_03,,Events:,[]
Full Path:,vo/mercs_dt_2025_1/soldier_contact_03.mp3,,Scenes:,[]
Transcription:,"Contact, directly in front of me!",,Responses:,[]
Your Line:,,,Rules:,[]
Unused?,,,Criteria:,[]

Filename:,soldier_garden_01,,Events:,[]
Full Path:,vo/mercs_dt_2025_1/soldier_garden_01.mp3,,Scenes:,[]
Transcription:,,,Responses:,[]
Your Line:,,,Rules:,[]
Unused?,,,Criteria:,[]

Filename:,soldier_garden_02,,Events:,[]
Full Path:,vo/mercs_dt_2025_1/soldier_garden_02.mp3,,Scenes:,[]
Transcription:,,,Responses:,[]
Your Line:,,,Rules:,[]
Unused?,,,Criteria:,[]

Filename:,soldier_garden_03,,Events:,[]
Full Path:,vo/mercs_dt_2025_1/soldier_garden_03.mp3,,Scenes:,[]
Transcription:,,,Responses:,[]
Your Line:,,,Rules:,[]
Unused?,,,Criteria:,[]

Filename:,soldier_garden_04,,Events:,[]
Full Path:,vo/mercs_dt_2025_1/soldier_garden_04.mp3,,Scenes:,[]
Transcription:,,,Responses:,[]
Your Line:,,,Rules:,[]
Unused?,,,Criteria:,[]

Filename:,soldier_garden_05,,Events:,[]
Full Path:,vo/mercs_dt_2025_1/soldier_garden_05.mp3,,Scenes:,[]
Transcription:,,,Responses:,[]
Your Line:,,,Rules:,[]
Unused?,,,Criteria:,[]

Filename:,soldier_garden_06,,Events:,[]
Full Path:,vo/mercs_dt_2025_1/soldier_garden_06.mp3,,Scenes:,[]
Transcription:,,,Responses:,[]
Your Line:,,,Rules:,[]
Unused?,,,Criteria:,[]

Filename:,soldier_garden_07,,Events:,[]
Full Path:,vo/mercs_dt_2025_1/soldier_garden_07.mp3,,Scenes:,[]
Transcription:,,,Responses:,[]
Your Line:,,,Rules:,[]
Unused?,,,Criteria:,[]

Filename:,soldier_nomedic_01,,Events:,[]
Full Path:,vo/mercs_dt_2025_1/soldier_nomedic_01.mp3,,Scenes:,[]
Transcription:,"MEDIC! Dammit, we have none, ladies!",,Responses:,[]
Your Line:,,,Rules:,[]
Unused?,,,Criteria:,[]

Filename:,soldier_nomedic_02,,Events:,[]
Full Path:,vo/mercs_dt_2025_1/soldier_nomedic_02.mp3,,Scenes:,[]
Transcription:,"I do not see any doctors amongst you, maggots!",,Responses:,[]
Your Line:,,,Rules:,[]
Unused?,,,Criteria:,[]

Filename:,soldier_nomedic_03,,Events:,[]
Full Path:,vo/mercs_dt_2025_1/soldier_nomedic_03.mp3,,Scenes:,[]
Transcription:,"I do not see any doctors amongst you, maggots!",,Responses:,[]
Your Line:,,,Rules:,[]
Unused?,,,Criteria:,[]

Filename:,soldier_nomedic_04,,Events:,[]
Full Path:,vo/mercs_dt_2025_1/soldier_nomedic_04.mp3,,Scenes:,[]
Transcription:,"We have no medic, Ladies!",,Responses:,[]
Your Line:,,,Rules:,[]
Unused?,,,Criteria:,[]

Filename:,soldier_nomedic_05,,Events:,[]
Full Path:,vo/mercs_dt_2025_1/soldier_nomedic_05.mp3,,Scenes:,[]
Transcription:,"Be careful, ladies, we don't have any Medics! Heh, heh, heh, heh, heh. Yeah, right.",,Responses:,[]
Your Line:,,,Rules:,[]
Unused?,,,Criteria:,[]

Filename:,soldier_nomedic_rare_01,,Events:,[]
Full Path:,vo/mercs_dt_2025_1/soldier_nomedic_rare_01.mp3,,Scenes:,[]
Transcription:,"We have nooooo Medic, ladies!",,Responses:,[]
Your Line:,,,Rules:,[]
Unused?,,,Criteria:,[]

Filename:,soldier_setup_01,,Events:,[]
Full Path:,vo/mercs_dt_2025_1/soldier_setup_01.mp3,,Scenes:,[]
Transcription:,They say I should not dig my own grave! Fine! Then I will dig your own grave!,,Responses:,[]
Your Line:,,,Rules:,[]
Unused?,,,Criteria:,[]

Filename:,soldier_setup_garden_01,,Events:,[]
Full Path:,vo/mercs_dt_2025_1/soldier_setup_garden_01.mp3,,Scenes:,[]
Transcription:,,,Responses:,[]
Your Line:,,,Rules:,[]
Unused?,,,Criteria:,[]

Filename:,soldier_setup_garden_02,,Events:,[]
Full Path:,vo/mercs_dt_2025_1/soldier_setup_garden_02.mp3,,Scenes:,[]
Transcription:,,,Responses:,[]
Your Line:,,,Rules:,[]
Unused?,,,Criteria:,[]

Filename:,soldier_wall_climb_01,,Events:,[]
Full Path:,vo/mercs_dt_2025_1/soldier_wall_climb_01.mp3,,Scenes:,[]
Transcription:,"Wall climbing is like rocket jumping, but you keep the rocket!",,Responses:,[]
Your Line:,,,Rules:,[]
Unused?,,,Criteria:,[]

Filename:,soldier_wall_climb_02,,Events:,[]
Full Path:,vo/mercs_dt_2025_1/soldier_wall_climb_02.mp3,,Scenes:,[]
Transcription:,Wall climb now! That is an order!,,Responses:,[]
Your Line:,,,Rules:,[]
Unused?,,,Criteria:,[]

Filename:,soldier_wall_climb_03,,Events:,[]
Full Path:,vo/mercs_dt_2025_1/soldier_wall_climb_03.mp3,,Scenes:,[]
Transcription:,"I will, climb this wall!",,Responses:,[]
Your Line:,,,Rules:,[]
Unused?,,,Criteria:,[]

Filename:,soldier_wall_climb_04,,Events:,[]
Full Path:,vo/mercs_dt_2025_1/soldier_wall_climb_04.mp3,,Scenes:,[]
Transcription:,Wall climbing! It is good.,,Responses:,[]
Your Line:,,,Rules:,[]
Unused?,,,Criteria:,[]

Filename:,soldier_win_01,,Events:,[]
Full Path:,vo/mercs_dt_2025_1/soldier_win_01.mp3,,Scenes:,[]
Transcription:,"Put on some clothes, ya hippie!",,Responses:,[]
Your Line:,,,Rules:,[]
Unused?,,,Criteria:,[]

Filename:,spy_left_last_01,,Events:,[]
Full Path:,vo/mercs_dt_2025_1/spy_left_last_01.mp3,,Scenes:,[]
Transcription:,Of course it's my fault that you barely even scratched him. Sure.,,Responses:,[]
Your Line:,,,Rules:,[]
Unused?,,,Criteria:,[]

Filename:,spy_left_last_02,,Events:,[]
Full Path:,vo/mercs_dt_2025_1/spy_left_last_02.mp3,,Scenes:,[]
Transcription:,Of course it's my fault that you barely even scratched him. Sure.,,Responses:,[]
Your Line:,,,Rules:,[]
Unused?,,,Criteria:,[]

Filename:,spy_left_last_03,,Events:,[]
Full Path:,vo/mercs_dt_2025_1/spy_left_last_03.mp3,,Scenes:,[]
Transcription:,Stop mocking me for hiding. Just don't die next time!,,Responses:,[]
Your Line:,,,Rules:,[]
Unused?,,,Criteria:,[]

Filename:,spy_medicdead_01,,Events:,[]
Full Path:,vo/mercs_dt_2025_1/spy_medicdead_01.mp3,,Scenes:,[]
Transcription:,"Oh, merde! We have lost our Medic!",,Responses:,[]
Your Line:,,,Rules:,[]
Unused?,,,Criteria:,[]

Filename:,spy_noinvis_01,,Events:,[]
Full Path:,vo/mercs_dt_2025_1/spy_noinvis_01.mp3,,Scenes:,[]
Transcription:,"Work, damn you!",,Responses:,[]
Your Line:,,,Rules:,[]
Unused?,,,Criteria:,[]

Filename:,spy_noinvis_02,,Events:,[]
Full Path:,vo/mercs_dt_2025_1/spy_noinvis_02.mp3,,Scenes:,[]
Transcription:,"Work, damn you!",,Responses:,[]
Your Line:,,,Rules:,[]
Unused?,,,Criteria:,[]

Filename:,spy_noinvis_03,,Events:,[]
Full Path:,vo/mercs_dt_2025_1/spy_noinvis_03.mp3,,Scenes:,[]
Transcription:,"Work, damn you!",,Responses:,[]
Your Line:,,,Rules:,[]
Unused?,,,Criteria:,[]

Filename:,spy_nomedic_01,,Events:,[]
Full Path:,vo/mercs_dt_2025_1/spy_nomedic_01.mp3,,Scenes:,[]
Transcription:,We have no Medic! Fantastic.,,Responses:,[]
Your Line:,,,Rules:,[]
Unused?,,,Criteria:,[]

Filename:,spy_nomedic_02,,Events:,[]
Full Path:,vo/mercs_dt_2025_1/spy_nomedic_02.mp3,,Scenes:,[]
Transcription:,We have no Medic! Fantastic!,,Responses:,[]
Your Line:,,,Rules:,[]
Unused?,,,Criteria:,[]

Filename:,spy_nomedic_03,,Events:,[]
Full Path:,vo/mercs_dt_2025_1/spy_nomedic_03.mp3,,Scenes:,[]
Transcription:,It seems our Medic has better things to do than join us!,,Responses:,[]
Your Line:,,,Rules:,[]
Unused?,,,Criteria:,[]

Filename:,spy_nomedic_04,,Events:,[]
Full Path:,vo/mercs_dt_2025_1/spy_nomedic_04.mp3,,Scenes:,[]
Transcription:,We have no doctor! Fantastic.,,Responses:,[]
Your Line:,,,Rules:,[]
Unused?,,,Criteria:,[]

Filename:,spy_special_01,,Events:,[]
Full Path:,vo/mercs_dt_2025_1/spy_special_01.mp3,,Scenes:,[]
Transcription:,"Eh, wasn't worth it.",,Responses:,[]
Your Line:,,,Rules:,[]
Unused?,,,Criteria:,[]

